,Glomus_cerebriforme-Pichia_fermentans,Glomus_cerebriforme-Usnea_hakonensis,Glomus_cerebriforme-Umbilicaria_muehlenbergii,Aspergillus_nidulans-Glomus_cerebriforme,Capronia_coronata-Glomus_cerebriforme,Glomus_cerebriforme-Taphrina_betulina,Glomus_cerebriforme-Protomyces_gravidus,Amanita_muscaria-Glomus_cerebriforme,Fistulina_hepatica-Glomus_cerebriforme,Glomus_cerebriforme-Hygrocybe_conica,Calocera_cornea-Glomus_cerebriforme,Glomus_cerebriforme-Phaeotremella_skinneri,Glomus_cerebriforme-Tremella_fuciformis,Bullera_alba-Glomus_cerebriforme,Glomus_cerebriforme-Hemileia_vastatrix,Glomus_cerebriforme-Puccinia_graminis,Glomus_cerebriforme-Smittium_simulii,Glomus_cerebriforme-Mucor_racemosus,Pichia_fermentans-Usnea_hakonensis,Pichia_fermentans-Umbilicaria_muehlenbergii,Aspergillus_nidulans-Pichia_fermentans,Capronia_coronata-Pichia_fermentans,Pichia_fermentans-Taphrina_betulina,Pichia_fermentans-Protomyces_gravidus,Amanita_muscaria-Pichia_fermentans,Fistulina_hepatica-Pichia_fermentans,Hygrocybe_conica-Pichia_fermentans,Calocera_cornea-Pichia_fermentans,Phaeotremella_skinneri-Pichia_fermentans,Pichia_fermentans-Tremella_fuciformis,Bullera_alba-Pichia_fermentans,Hemileia_vastatrix-Pichia_fermentans,Pichia_fermentans-Puccinia_graminis,Pichia_fermentans-Smittium_simulii,Mucor_racemosus-Pichia_fermentans,Umbilicaria_muehlenbergii-Usnea_hakonensis,Aspergillus_nidulans-Usnea_hakonensis,Capronia_coronata-Usnea_hakonensis,Taphrina_betulina-Usnea_hakonensis,Protomyces_gravidus-Usnea_hakonensis,Amanita_muscaria-Usnea_hakonensis,Fistulina_hepatica-Usnea_hakonensis,Hygrocybe_conica-Usnea_hakonensis,Calocera_cornea-Usnea_hakonensis,Phaeotremella_skinneri-Usnea_hakonensis,Tremella_fuciformis-Usnea_hakonensis,Bullera_alba-Usnea_hakonensis,Hemileia_vastatrix-Usnea_hakonensis,Puccinia_graminis-Usnea_hakonensis,Smittium_simulii-Usnea_hakonensis,Mucor_racemosus-Usnea_hakonensis,Aspergillus_nidulans-Umbilicaria_muehlenbergii,Capronia_coronata-Umbilicaria_muehlenbergii,Taphrina_betulina-Umbilicaria_muehlenbergii,Protomyces_gravidus-Umbilicaria_muehlenbergii,Amanita_muscaria-Umbilicaria_muehlenbergii,Fistulina_hepatica-Umbilicaria_muehlenbergii,Hygrocybe_conica-Umbilicaria_muehlenbergii,Calocera_cornea-Umbilicaria_muehlenbergii,Phaeotremella_skinneri-Umbilicaria_muehlenbergii,Tremella_fuciformis-Umbilicaria_muehlenbergii,Bullera_alba-Umbilicaria_muehlenbergii,Hemileia_vastatrix-Umbilicaria_muehlenbergii,Puccinia_graminis-Umbilicaria_muehlenbergii,Smittium_simulii-Umbilicaria_muehlenbergii,Mucor_racemosus-Umbilicaria_muehlenbergii,Aspergillus_nidulans-Capronia_coronata,Aspergillus_nidulans-Taphrina_betulina,Aspergillus_nidulans-Protomyces_gravidus,Amanita_muscaria-Aspergillus_nidulans,Aspergillus_nidulans-Fistulina_hepatica,Aspergillus_nidulans-Hygrocybe_conica,Aspergillus_nidulans-Calocera_cornea,Aspergillus_nidulans-Phaeotremella_skinneri,Aspergillus_nidulans-Tremella_fuciformis,Aspergillus_nidulans-Bullera_alba,Aspergillus_nidulans-Hemileia_vastatrix,Aspergillus_nidulans-Puccinia_graminis,Aspergillus_nidulans-Smittium_simulii,Aspergillus_nidulans-Mucor_racemosus,Capronia_coronata-Taphrina_betulina,Capronia_coronata-Protomyces_gravidus,Amanita_muscaria-Capronia_coronata,Capronia_coronata-Fistulina_hepatica,Capronia_coronata-Hygrocybe_conica,Calocera_cornea-Capronia_coronata,Capronia_coronata-Phaeotremella_skinneri,Capronia_coronata-Tremella_fuciformis,Bullera_alba-Capronia_coronata,Capronia_coronata-Hemileia_vastatrix,Capronia_coronata-Puccinia_graminis,Capronia_coronata-Smittium_simulii,Capronia_coronata-Mucor_racemosus,Protomyces_gravidus-Taphrina_betulina,Amanita_muscaria-Taphrina_betulina,Fistulina_hepatica-Taphrina_betulina,Hygrocybe_conica-Taphrina_betulina,Calocera_cornea-Taphrina_betulina,Phaeotremella_skinneri-Taphrina_betulina,Taphrina_betulina-Tremella_fuciformis,Bullera_alba-Taphrina_betulina,Hemileia_vastatrix-Taphrina_betulina,Puccinia_graminis-Taphrina_betulina,Smittium_simulii-Taphrina_betulina,Mucor_racemosus-Taphrina_betulina,Amanita_muscaria-Protomyces_gravidus,Fistulina_hepatica-Protomyces_gravidus,Hygrocybe_conica-Protomyces_gravidus,Calocera_cornea-Protomyces_gravidus,Phaeotremella_skinneri-Protomyces_gravidus,Protomyces_gravidus-Tremella_fuciformis,Bullera_alba-Protomyces_gravidus,Hemileia_vastatrix-Protomyces_gravidus,Protomyces_gravidus-Puccinia_graminis,Protomyces_gravidus-Smittium_simulii,Mucor_racemosus-Protomyces_gravidus,Amanita_muscaria-Fistulina_hepatica,Amanita_muscaria-Hygrocybe_conica,Amanita_muscaria-Calocera_cornea,Amanita_muscaria-Phaeotremella_skinneri,Amanita_muscaria-Tremella_fuciformis,Amanita_muscaria-Bullera_alba,Amanita_muscaria-Hemileia_vastatrix,Amanita_muscaria-Puccinia_graminis,Amanita_muscaria-Smittium_simulii,Amanita_muscaria-Mucor_racemosus,Fistulina_hepatica-Hygrocybe_conica,Calocera_cornea-Fistulina_hepatica,Fistulina_hepatica-Phaeotremella_skinneri,Fistulina_hepatica-Tremella_fuciformis,Bullera_alba-Fistulina_hepatica,Fistulina_hepatica-Hemileia_vastatrix,Fistulina_hepatica-Puccinia_graminis,Fistulina_hepatica-Smittium_simulii,Fistulina_hepatica-Mucor_racemosus,Calocera_cornea-Hygrocybe_conica,Hygrocybe_conica-Phaeotremella_skinneri,Hygrocybe_conica-Tremella_fuciformis,Bullera_alba-Hygrocybe_conica,Hemileia_vastatrix-Hygrocybe_conica,Hygrocybe_conica-Puccinia_graminis,Hygrocybe_conica-Smittium_simulii,Hygrocybe_conica-Mucor_racemosus,Calocera_cornea-Phaeotremella_skinneri,Calocera_cornea-Tremella_fuciformis,Bullera_alba-Calocera_cornea,Calocera_cornea-Hemileia_vastatrix,Calocera_cornea-Puccinia_graminis,Calocera_cornea-Smittium_simulii,Calocera_cornea-Mucor_racemosus,Phaeotremella_skinneri-Tremella_fuciformis,Bullera_alba-Phaeotremella_skinneri,Hemileia_vastatrix-Phaeotremella_skinneri,Phaeotremella_skinneri-Puccinia_graminis,Phaeotremella_skinneri-Smittium_simulii,Mucor_racemosus-Phaeotremella_skinneri,Bullera_alba-Tremella_fuciformis,Hemileia_vastatrix-Tremella_fuciformis,Puccinia_graminis-Tremella_fuciformis,Smittium_simulii-Tremella_fuciformis,Mucor_racemosus-Tremella_fuciformis,Bullera_alba-Hemileia_vastatrix,Bullera_alba-Puccinia_graminis,Bullera_alba-Smittium_simulii,Bullera_alba-Mucor_racemosus,Hemileia_vastatrix-Puccinia_graminis,Hemileia_vastatrix-Smittium_simulii,Hemileia_vastatrix-Mucor_racemosus,Puccinia_graminis-Smittium_simulii,Mucor_racemosus-Puccinia_graminis,Mucor_racemosus-Smittium_simulii
tree1,1.1352074,0.9367063,0.9046433,0.9702955,0.9792223,0.8951,0.9410278,0.8971269,0.9453679,0.8809014,0.8651355,0.9101604,0.9662901,0.9775949,0.9170427,0.9244575,0.9218662,0.5944262,0.977856,0.945793,1.0114452,1.020372,1.0776536,1.1235814,1.266266,1.3145069,1.2500404,1.2342745,1.2792995,1.3354291,1.3467339,1.2861817,1.2935965,1.412277,1.1885345,0.241196,0.4526654,0.4615921,0.8791525,0.9250803,1.0677649,1.1160059,1.0515394,1.0357734,1.0807984,1.1369281,1.1482329,1.0876806,1.0950955,1.2137759,0.9900334,0.4206024,0.4295291,0.8470895,0.8930173,1.0357019,1.0839429,1.0194764,1.0037104,1.0487354,1.1048651,1.1161699,1.0556176,1.0630325,1.1817129,0.9579704,0.4209787,0.9127417,0.9586695,1.1013541,1.149595,1.0851286,1.0693626,1.1143876,1.1705173,1.1818221,1.1212698,1.1286847,1.2473651,1.0236226,0.9216684,0.9675962,1.1102808,1.1585218,1.0940553,1.0782894,1.1233143,1.179444,1.1907488,1.1301966,1.1376114,1.2562919,1.0325494,0.3197976,1.0261586,1.0743995,1.009933,0.9941671,1.0391921,1.0953217,1.1066266,1.0460743,1.0534892,1.1721696,0.9484271,1.0720864,1.1203273,1.0558609,1.0400949,1.0851199,1.1412495,1.1525544,1.0920021,1.099417,1.2180974,0.9943549,0.3750636,0.3658324,0.512743,0.6761848,0.7323144,0.7436192,0.8473967,0.8548116,1.1741965,0.950454,0.4140733,0.560984,0.7244257,0.7805554,0.7918602,0.8956376,0.9030525,1.2224375,0.998695,0.4965175,0.6599592,0.7160889,0.7273937,0.8311712,0.838586,1.157971,0.9342285,0.6441933,0.7003229,0.7116278,0.8154052,0.8228201,1.142205,0.9184626,0.2571079,0.2684127,0.8604302,0.8678451,1.18723,0.9634875,0.2561148,0.9165599,0.9239747,1.2433597,1.0196172,0.9278647,0.9352795,1.2546645,1.030922,0.4549841,1.1941123,0.9703698,1.2015271,0.9777846,0.9751933
tree2,1.1413337,0.9362819,0.9019186,0.964369,0.976318,0.8860075,0.9348922,0.8915222,0.938747,0.8774389,0.8632606,0.9067,0.9617388,0.9739545,0.9168469,0.9222091,0.9179396,0.5875679,0.9798515,0.9454881,1.0079385,1.0198876,1.0780074,1.1268922,1.2662544,1.3134792,1.252171,1.2379927,1.2814321,1.3364709,1.3486866,1.291579,1.2969412,1.4177001,1.1922625,0.2396999,0.4487558,0.4607048,0.8729556,0.9218403,1.0612026,1.1084274,1.0471192,1.0329409,1.0763803,1.1314191,1.1436348,1.0865272,1.0918894,1.2126483,0.9872106,0.4143925,0.4263415,0.8385923,0.887477,1.0268392,1.074064,1.0127558,0.9985775,1.042017,1.0970558,1.1092714,1.0521638,1.0575261,1.178285,0.9528473,0.4157609,0.9010427,0.9499274,1.0892897,1.1365144,1.0752063,1.061028,1.1044674,1.1595062,1.1717219,1.1146143,1.1199765,1.2407354,1.0152977,0.9129917,0.9618765,1.1012387,1.1484635,1.0871553,1.072977,1.1164164,1.1714552,1.1836709,1.1265633,1.1319255,1.2526844,1.0272468,0.3196813,1.0109282,1.058153,0.9968448,0.9826665,1.0261059,1.0811447,1.0933604,1.0362528,1.041615,1.1623739,0.9369363,1.0598129,1.1070377,1.0457295,1.0315512,1.0749906,1.1300295,1.1422451,1.0851375,1.0904997,1.2112587,0.985821,0.3679194,0.3620845,0.5052974,0.6687985,0.7238373,0.736053,0.8434748,0.8488371,1.1678887,0.942451,0.4093093,0.5525222,0.7160233,0.7710621,0.7832777,0.8906996,0.8960618,1.2151135,0.9896758,0.4912141,0.6547151,0.7097539,0.7219696,0.8293915,0.8347537,1.1538053,0.9283676,0.6405368,0.6955756,0.7077913,0.8152132,0.8205754,1.139627,0.9141893,0.2557133,0.267929,0.8586526,0.8640148,1.1830664,0.9576287,0.2542302,0.9136914,0.9190536,1.2381052,1.0126676,0.9259071,0.9312693,1.2503209,1.0248832,0.4475877,1.1932133,0.9677756,1.1985755,0.9731378,0.9688683
tree3,1.108065,0.9201133,0.8846527,0.9469736,0.9538768,0.869075,0.9170669,0.8738794,0.9243636,0.8638302,0.8422725,0.8952518,0.950124,0.9627889,0.8964951,0.910044,0.9076017,0.5766286,0.9502324,0.9147718,0.9770927,0.9839959,1.0443962,1.092388,1.2348172,1.2853014,1.224768,1.2032102,1.2561895,1.3110617,1.3237266,1.2574329,1.2709817,1.3869234,1.1591716,0.2346492,0.4413034,0.4482067,0.8564444,0.9044363,1.0468654,1.0973497,1.0368163,1.0152585,1.0682378,1.12311,1.1357749,1.0694811,1.08303,1.1989716,0.9712199,0.4058428,0.4127461,0.8209839,0.8689757,1.0114048,1.0618891,1.0013557,0.9797979,1.0327772,1.0876494,1.1003143,1.0340205,1.0475694,1.163511,0.9357593,0.4066816,0.8833048,0.9312966,1.0737258,1.12421,1.0636766,1.0421188,1.0950981,1.1499703,1.1626352,1.0963415,1.1098903,1.225832,0.9980802,0.890208,0.9381999,1.080629,1.1311132,1.0705798,1.0490221,1.1020014,1.1568736,1.1695385,1.1032447,1.1167936,1.2327352,1.0049835,0.3119948,0.9958272,1.0463114,0.985778,0.9642203,1.0171996,1.0720718,1.0847366,1.0184429,1.0319917,1.1479334,0.9201816,1.043819,1.0943033,1.0337699,1.0122121,1.0651914,1.1200636,1.1327285,1.0664348,1.0799836,1.1959252,0.9681735,0.364903,0.3581919,0.4895499,0.6608234,0.7156956,0.7283605,0.8242992,0.837848,1.1527378,0.924986,0.4086761,0.5400341,0.7113076,0.7661798,0.7788447,0.8747834,0.8883322,1.203222,0.9754702,0.4795007,0.6507742,0.7056464,0.7183113,0.81425,0.8277988,1.1426886,0.9149368,0.6292165,0.6840887,0.6967535,0.7926922,0.8062411,1.1211308,0.8933791,0.2472364,0.2599013,0.8456715,0.8592203,1.1741101,0.9463584,0.248527,0.9005437,0.9140926,1.2289824,1.0012306,0.9132086,0.9267574,1.2416472,1.0138955,0.4448329,1.1753535,0.9476017,1.1889023,0.9611506,0.9587083
tree4,1.7667308,1.4819069,1.42967,1.5284722,1.5359819,1.3785401,1.4552832,1.4524617,1.5068425,1.4304329,1.3870858,1.4523077,1.5367729,1.545533,1.4503346,1.4727311,1.4065599,0.9159207,1.5341312,1.4818942,1.5806964,1.5882062,1.6389683,1.7157114,2.0067089,2.0610897,1.9846801,1.941333,2.0065549,2.0910201,2.0997801,2.0045818,2.0269783,2.1526103,1.8319664,0.3655556,0.6939957,0.7015054,1.3541444,1.4308875,1.721885,1.7762658,1.6998562,1.6565091,1.721731,1.8061962,1.8149563,1.7197579,1.7421544,1.8677864,1.5471425,0.6417587,0.6492684,1.3019074,1.3786505,1.669648,1.7240288,1.6476192,1.6042721,1.669494,1.7539592,1.7627193,1.6675209,1.6899174,1.8155494,1.4949055,0.6452025,1.4007096,1.4774527,1.7684502,1.822831,1.7464214,1.7030743,1.7682962,1.8527614,1.8615215,1.7663231,1.7887196,1.9143516,1.5937077,1.4082194,1.4849625,1.77596,1.8303408,1.7539312,1.710584,1.775806,1.8602712,1.8690312,1.7738329,1.7962294,1.9218614,1.6012175,0.5039956,1.6185182,1.672899,1.5964894,1.5531422,1.6183642,1.7028294,1.7115894,1.6163911,1.6387876,1.7644196,1.4437757,1.6952613,1.7496421,1.6732325,1.6298853,1.6951073,1.7795725,1.7883325,1.6931342,1.7155307,1.8411627,1.5205188,0.56722,0.5777758,0.8169112,1.0610045,1.1454697,1.1542297,1.3322939,1.3546904,1.8383412,1.5176973,0.6321566,0.871292,1.1153853,1.1998504,1.2086105,1.3866747,1.4090712,1.892722,1.5720781,0.7948825,1.0389757,1.1234409,1.1322009,1.3102651,1.3326616,1.8163124,1.4956685,0.9956285,1.0800937,1.0888538,1.266918,1.2893144,1.7729653,1.4523213,0.4081691,0.4169292,1.3321399,1.3545364,1.8381872,1.5175433,0.3924216,1.4166051,1.4390016,1.9226524,1.6020085,1.4253652,1.4477616,1.9314125,1.6107685,0.7075819,1.8362141,1.5155702,1.8586106,1.5379667,1.4717954
tree5,1.737928,1.4675353,1.4148147,1.519323,1.5129722,1.3688974,1.4419081,1.4465874,1.4983678,1.418406,1.3788797,1.4476992,1.5325908,1.543829,1.4439858,1.4606982,1.4029493,0.9067789,1.521193,1.4684724,1.5729807,1.5666299,1.6237293,1.6967401,1.9871097,2.03889,1.9589282,1.9194019,1.9882214,2.073113,2.0843512,1.984508,2.0012204,2.129746,1.803435,0.362915,0.6998616,0.6935108,1.3533367,1.4263474,1.716717,1.7684973,1.6885355,1.6490093,1.7178287,1.8027204,1.8139586,1.7141154,1.7308277,1.8593533,1.5330424,0.647141,0.6407901,1.3006161,1.3736268,1.6639964,1.7157767,1.6358149,1.5962886,1.6651081,1.7499997,1.761238,1.6613948,1.6781071,1.8066327,1.4803218,0.635263,1.4051244,1.4781351,1.7685047,1.820285,1.7403232,1.700797,1.7696164,1.8545081,1.8657463,1.7659031,1.7826154,1.911141,1.5848301,1.3987735,1.4717842,1.7621538,1.8139342,1.7339724,1.6944461,1.7632656,1.8481572,1.8593954,1.7595522,1.7762646,1.9047901,1.5784792,0.4943232,1.6180791,1.6698594,1.5898976,1.5503714,1.6191908,1.7040825,1.7153207,1.6154775,1.6321898,1.7607154,1.4344045,1.6910898,1.7428701,1.6629083,1.6233821,1.6922015,1.7770932,1.7883314,1.6884882,1.7052005,1.8337261,1.5074152,0.5629277,0.5740103,0.8132862,1.0660404,1.150932,1.1621702,1.3324303,1.3491426,1.8384054,1.5120945,0.6257907,0.8650666,1.1178207,1.2027124,1.2139506,1.3842106,1.4009229,1.8901857,1.5638748,0.7851047,1.0378589,1.1227505,1.1339887,1.3042488,1.3209611,1.8102239,1.483913,0.9983326,1.0832243,1.0944625,1.2647225,1.2814349,1.7706977,1.4443868,0.397561,0.4087993,1.333542,1.3502543,1.8395172,1.5132062,0.3832256,1.4184336,1.435146,1.9244088,1.5980979,1.4296719,1.4463842,1.935647,1.6093361,0.6929791,1.8358038,1.5094929,1.8525161,1.5262052,1.4684564
tree6,1.7221816,1.4254517,1.3766114,1.4769311,1.483859,1.360574,1.4264464,1.4082693,1.4592441,1.3830826,1.3451946,1.4078547,1.4930287,1.4963652,1.4147442,1.4398899,1.3801394,0.8983604,1.4772489,1.4284086,1.5287284,1.5356562,1.609443,1.6753154,1.9487005,1.9996753,1.9235138,1.8856258,1.9482858,2.0334599,2.0367964,1.9551754,1.9803211,2.1096319,1.7936304,0.3560383,0.6741754,0.6811033,1.312713,1.3785855,1.6519705,1.7029453,1.6267839,1.5888959,1.6515559,1.7367299,1.7400664,1.6584455,1.6835912,1.812902,1.4969005,0.6253351,0.632263,1.2638727,1.3297452,1.6031303,1.654105,1.5779436,1.5400556,1.6027156,1.6878896,1.6912261,1.6096052,1.6347509,1.7640617,1.4480602,0.6289907,1.3641925,1.4300649,1.70345,1.7544248,1.6782633,1.6403753,1.7030354,1.7882094,1.7915459,1.709925,1.7350706,1.8643814,1.54838,1.3711203,1.4369928,1.7103779,1.7613526,1.6851912,1.6473032,1.7099632,1.7951372,1.7984737,1.7168528,1.7419985,1.8713093,1.5553078,0.4871054,1.5870929,1.6380677,1.5619062,1.5240182,1.5866783,1.6718523,1.6751888,1.5935679,1.6187135,1.7480243,1.4320228,1.6529653,1.7039401,1.6277787,1.5898907,1.6525507,1.7377247,1.7410612,1.6594403,1.684586,1.8138967,1.4978953,0.5552375,0.5656867,0.7981716,1.0373199,1.1224939,1.1258304,1.298083,1.3232287,1.7957196,1.4797181,0.6166614,0.8491463,1.0882947,1.1734687,1.1768052,1.3490578,1.3742035,1.8466944,1.5306929,0.7729849,1.0121333,1.0973073,1.1006438,1.2728963,1.298042,1.7705329,1.4545315,0.9742453,1.0594193,1.0627558,1.2350083,1.260154,1.7326449,1.4166435,0.4015785,0.404915,1.2976684,1.3228141,1.795305,1.4793035,0.3838139,1.3828424,1.4079881,1.880479,1.5644775,1.3861789,1.4113246,1.8838155,1.567814,0.6949379,1.8021945,1.4861931,1.8273402,1.5113388,1.4515882
tree7,1.4281644,1.1897213,1.145089,1.2161988,1.2329606,1.1235744,1.1859574,1.1521666,1.1985709,1.1318221,1.1132307,1.1627493,1.2297055,1.2440641,1.1618473,1.1889123,1.1667002,0.7329661,1.2343465,1.1897141,1.2608239,1.2775857,1.3371478,1.3995308,1.6101607,1.656565,1.5898162,1.5712249,1.6207434,1.6876996,1.7020582,1.6198415,1.6469065,1.7737292,1.4780541,0.2893637,0.5449685,0.5617303,1.0987047,1.1610877,1.3717176,1.4181219,1.3513731,1.3327818,1.3823003,1.4492565,1.4636151,1.3813984,1.4084634,1.5352862,1.239611,0.5003361,0.5170979,1.0540724,1.1164554,1.3270853,1.3734896,1.3067408,1.2881494,1.337668,1.4046241,1.4189827,1.336766,1.363831,1.4906538,1.1949787,0.5060331,1.1251822,1.1875652,1.3981951,1.4445994,1.3778506,1.3592592,1.4087778,1.475734,1.4900926,1.4078758,1.4349408,1.5617636,1.2660885,1.141944,1.204327,1.4149569,1.4613612,1.3946124,1.376021,1.4255396,1.4924958,1.5068544,1.4246376,1.4517026,1.5785254,1.2828503,0.4053566,1.3055707,1.351975,1.2852262,1.2666349,1.3161534,1.3831096,1.3974682,1.3152515,1.3423165,1.4691393,1.1734642,1.3679537,1.414358,1.3476092,1.3290179,1.3785364,1.4454926,1.4598512,1.3776345,1.4046995,1.5315223,1.2358472,0.4453156,0.4510827,0.6434334,0.8376014,0.9045576,0.9189162,1.0575181,1.0845831,1.4977314,1.2020563,0.497487,0.6898377,0.8840057,0.9509619,0.9653205,1.1039224,1.1309874,1.5441357,1.2484606,0.6230888,0.8172569,0.8842131,0.8985717,1.0371736,1.0642386,1.4773869,1.1817118,0.7986656,0.8656217,0.8799803,1.0185823,1.0456473,1.4587956,1.1631205,0.3128649,0.3272235,1.0681008,1.0951658,1.5083141,1.212639,0.3069928,1.135057,1.162122,1.5752703,1.2795952,1.1494156,1.1764806,1.5896289,1.2939538,0.5602525,1.5074122,1.2117371,1.5344772,1.2388021,1.2165899
tree8,1.1046502,0.9033889,0.8655506,0.9286345,0.9340778,0.8528159,0.9060305,0.8666736,0.9089046,0.8479694,0.8347804,0.8844168,0.942634,0.9558912,0.8804673,0.8996116,0.8922708,0.5618624,0.9513075,0.9134692,0.9765531,0.9819963,1.0392925,1.0925072,1.2341603,1.2763913,1.215456,1.202267,1.2519035,1.3101207,1.3233778,1.247954,1.2670983,1.3784886,1.1522717,0.229505,0.4365105,0.4419537,0.8380313,0.8912459,1.032899,1.0751301,1.0141948,1.0010058,1.0506423,1.1088595,1.1221166,1.0466928,1.065837,1.1772274,0.9510105,0.3986722,0.4041155,0.800193,0.8534076,0.9950608,1.0372918,0.9763565,0.9631675,1.012804,1.0710212,1.0842783,1.0088545,1.0279987,1.1393891,0.9131722,0.3984524,0.8632769,0.9164915,1.0581447,1.1003757,1.0394404,1.0262514,1.0758879,1.1341051,1.1473622,1.0719384,1.0910826,1.202473,0.9762561,0.8687201,0.9219348,1.0635879,1.105819,1.0448837,1.0316947,1.0813311,1.1395484,1.1528055,1.0773816,1.0965259,1.2079162,0.9816994,0.3065031,0.9823261,1.0245571,0.9636218,0.9504328,1.0000693,1.0582865,1.0715436,0.9961198,1.015264,1.1266544,0.9004375,1.0355407,1.0777717,1.0168364,1.0036474,1.0532839,1.1115011,1.1247582,1.0493344,1.0684786,1.179869,0.9536521,0.3532992,0.3471886,0.483264,0.6376127,0.6958299,0.709087,0.8016044,0.8207486,1.1405121,0.9142952,0.3894196,0.525495,0.6798437,0.7380609,0.751318,0.8438354,0.8629797,1.1827431,0.9565262,0.4645597,0.6189084,0.6771256,0.6903827,0.7829001,0.8020444,1.1218078,0.8955909,0.6057194,0.6639366,0.6771937,0.7697111,0.7888554,1.1086188,0.8824019,0.2396918,0.2529489,0.8193476,0.8384918,1.1582553,0.9320384,0.24086,0.8775648,0.896709,1.2164725,0.9902556,0.8908219,0.9099662,1.2297296,1.0035127,0.4274521,1.1543058,0.9280889,1.17345,0.9472332,0.9398924
tree9,1.4350594,1.2006956,1.1567575,1.2304592,1.2514792,1.1492006,1.2090421,1.168728,1.212831,1.1469527,1.1269075,1.1685097,1.2325939,1.2464476,1.1716792,1.1964176,1.1693171,0.7485957,1.2440933,1.2001553,1.2738569,1.2948769,1.3529674,1.4128089,1.6134656,1.6575687,1.5916904,1.5716452,1.6132474,1.6773316,1.6911853,1.6164169,1.6411552,1.7631214,1.4780665,0.2946574,0.5481074,0.5691274,1.1186036,1.1784451,1.3791018,1.4232049,1.3573266,1.3372814,1.3788836,1.4429678,1.4568215,1.3820531,1.4067914,1.5287576,1.2437027,0.5041693,0.5251893,1.0746655,1.134507,1.3351638,1.3792668,1.3133885,1.2933434,1.3349455,1.3990297,1.4128834,1.338115,1.3628534,1.4848195,1.1997646,0.5173161,1.1483672,1.2082087,1.4088654,1.4529685,1.3870902,1.367045,1.4086472,1.4727314,1.4865851,1.4118167,1.436555,1.5585212,1.2734663,1.1693872,1.2292287,1.4298854,1.4739884,1.4081102,1.388065,1.4296672,1.4937514,1.5076051,1.4328367,1.457575,1.5795412,1.2944863,0.4174441,1.3276068,1.3717099,1.3058316,1.2857864,1.3273886,1.3914728,1.4053265,1.3305581,1.3552964,1.4772626,1.1922077,1.3874483,1.4315514,1.3656731,1.3456279,1.3872301,1.4513143,1.465168,1.3903996,1.4151379,1.5371041,1.2520492,0.4530286,0.4605641,0.6528945,0.8403507,0.9044349,0.9182886,1.0567919,1.0815303,1.49679,1.2117351,0.5046672,0.6969976,0.8844538,0.948538,0.9623917,1.100895,1.1256333,1.540893,1.2558381,0.6311193,0.8185755,0.8826597,0.8965134,1.0350167,1.059755,1.4750147,1.1899598,0.7985303,0.8626145,0.8764682,1.0149715,1.0397099,1.4549696,1.1699147,0.3223585,0.3362122,1.0565737,1.081312,1.4965717,1.2115168,0.3135388,1.1206579,1.1453962,1.5606559,1.275601,1.1345116,1.1592499,1.5745096,1.2894547,0.5659603,1.4997412,1.2146863,1.5244796,1.2394247,1.2123242
tree10,1.0837374,0.898515,0.8612677,0.9203807,0.9322017,0.8545238,0.8986859,0.8598919,0.907968,0.8389419,0.8300112,0.873955,0.9339642,0.9447436,0.8729689,0.8879318,0.8811437,0.56689,0.9433531,0.9061058,0.9652189,0.9770399,1.0283259,1.0724879,1.2098966,1.2579728,1.1889467,1.180016,1.2239597,1.283969,1.2947484,1.2229737,1.2379366,1.3520691,1.1376557,0.2277463,0.4312837,0.4431047,0.8431035,0.8872655,1.0246742,1.0727504,1.0037243,0.9947935,1.0387373,1.0987465,1.1095259,1.0377513,1.0527142,1.1668466,0.9524332,0.3940364,0.4058574,0.8058562,0.8500182,0.9874269,1.0355031,0.9664769,0.9575462,1.00149,1.0614992,1.0722786,1.0005039,1.0154668,1.1295993,0.9151859,0.3972208,0.8649692,0.9091312,1.0465399,1.0946161,1.02559,1.0166592,1.060603,1.1206123,1.1313916,1.059617,1.0745799,1.1887123,0.974299,0.8767902,0.9209522,1.0583609,1.1064371,1.037411,1.0284802,1.072424,1.1324333,1.1432127,1.071438,1.0864009,1.2005334,0.98612,0.309065,0.9806831,1.0287593,0.9597331,0.9508024,0.9947462,1.0547554,1.0655348,0.9937601,1.008723,1.1228555,0.9084421,1.0248451,1.0729213,1.0038951,0.9949644,1.0389082,1.0989174,1.1096968,1.0379221,1.052885,1.1670175,0.9526041,0.3521502,0.3383263,0.480834,0.6324906,0.6924998,0.7032792,0.792818,0.8077809,1.1282235,0.9138101,0.3864025,0.5289102,0.6805668,0.740576,0.7513554,0.8408942,0.8558571,1.1762997,0.9618863,0.459884,0.6115406,0.6715499,0.6823293,0.771868,0.7868309,1.1072735,0.8928602,0.6026099,0.6626191,0.6733985,0.7629373,0.7779002,1.0983428,0.8839294,0.2424441,0.2532235,0.8068811,0.821844,1.1422866,0.9278732,0.2398828,0.8668903,0.8818532,1.2022958,0.9878824,0.8776697,0.8926326,1.2130752,0.9986618,0.4239242,1.1413006,0.9268872,1.1562634,0.9418501,0.9350619
tree11,1.4031341,1.1677873,1.1280853,1.1994761,1.2185755,1.1040593,1.1675771,1.1398645,1.176917,1.1087063,1.0876365,1.1336371,1.2051939,1.2214229,1.1451859,1.1518759,1.1472571,0.7316699,1.2166655,1.1769635,1.2483542,1.2674536,1.3074549,1.3709728,1.5735609,1.6106134,1.5424027,1.5213329,1.5673335,1.6388903,1.6551193,1.5788823,1.5855723,1.7311889,1.4581443,0.288582,0.546506,0.5656054,1.0721082,1.135626,1.3382141,1.3752667,1.3070559,1.2859861,1.3319868,1.4035436,1.4197725,1.3435356,1.3502255,1.4958422,1.2227976,0.506804,0.5259034,1.0324062,1.095924,1.2985121,1.3355647,1.2673539,1.2462841,1.2922848,1.3638416,1.3800705,1.3038336,1.3105235,1.4561401,1.1830956,0.5125558,1.1037969,1.1673147,1.3699029,1.4069554,1.3387446,1.3176748,1.3636755,1.4352323,1.4514612,1.3752243,1.3819142,1.5275309,1.2544863,1.1228963,1.1864141,1.3890023,1.4260548,1.3578441,1.3367742,1.3827749,1.4543317,1.4705606,1.3943237,1.4010136,1.5466303,1.2735857,0.398039,1.2744861,1.3115386,1.2433279,1.2222581,1.2682587,1.3398155,1.3560445,1.2798075,1.2864975,1.4321141,1.1590695,1.3380039,1.3750565,1.3068457,1.2857759,1.3317766,1.4033334,1.4195623,1.3433253,1.3500153,1.4956319,1.2225874,0.4483302,0.4484665,0.6308643,0.81972,0.8912768,0.9075057,1.0376086,1.0442985,1.4679193,1.1948747,0.485519,0.6679168,0.8567725,0.9283293,0.9445583,1.0746611,1.081351,1.5049718,1.2319273,0.5997061,0.7885618,0.8601186,0.8763475,1.0064503,1.0131403,1.4367611,1.1637165,0.767492,0.8390488,0.8552777,0.9853805,0.9920705,1.4156913,1.1426467,0.305886,0.322115,1.0313812,1.0380712,1.4616919,1.1886474,0.3072748,1.102938,1.109628,1.5332487,1.2602042,1.1191669,1.1258569,1.5494777,1.2764331,0.5284233,1.4732407,1.2001962,1.4799307,1.2068861,1.2022673
tree12,1.4460013,1.2116899,1.1686132,1.2385114,1.2632893,1.1457509,1.2129043,1.1682393,1.2162323,1.1469305,1.1270865,1.1790782,1.2422129,1.2650077,1.1641975,1.1971541,1.1705601,0.7390518,1.2578533,1.2147766,1.2846749,1.3094527,1.3622676,1.429421,1.6210863,1.6690793,1.5997775,1.5799335,1.6319252,1.6950599,1.7178547,1.6170445,1.650001,1.7723662,1.4922413,0.2937815,0.5542649,0.5790427,1.1279562,1.1951095,1.3867749,1.4347679,1.3654661,1.3456221,1.3976138,1.4607484,1.4835433,1.3827331,1.4156896,1.5380548,1.2579299,0.5111882,0.535966,1.0848795,1.1520329,1.3436982,1.3916912,1.3223894,1.3025454,1.3545371,1.4176718,1.4404667,1.3396564,1.372613,1.4949781,1.2148532,0.5188822,1.1547777,1.2219311,1.4135964,1.4615894,1.3922876,1.3724436,1.4244353,1.48757,1.5103649,1.4095547,1.4425112,1.5648764,1.2847515,1.1795556,1.2467089,1.4383743,1.4863673,1.4170655,1.3972215,1.4492132,1.5123478,1.5351427,1.4343325,1.467289,1.5896542,1.3095293,0.4157692,1.3208359,1.3688289,1.2995271,1.2796831,1.3316748,1.3948095,1.4176044,1.3167941,1.3497507,1.4721159,1.191991,1.3879893,1.4359823,1.3666805,1.3468365,1.3988282,1.4619629,1.4847578,1.3839475,1.4169041,1.5392693,1.2591443,0.4488297,0.4521627,0.6457652,0.8358912,0.8990258,0.9218207,1.0468013,1.0797578,1.4946042,1.2144793,0.5001557,0.6937582,0.8838842,0.9470188,0.9698137,1.0947943,1.1277508,1.5425972,1.2624723,0.6244564,0.8145824,0.8777171,0.9005119,1.0254925,1.058449,1.4732954,1.1931705,0.7947384,0.8578731,0.8806679,1.0056485,1.038605,1.4534514,1.1733265,0.3147151,0.33751,1.0576402,1.0905967,1.5054431,1.2253182,0.3122917,1.1207749,1.1537314,1.5685778,1.2884529,1.1435697,1.1765263,1.5913727,1.3112478,0.5609388,1.4905625,1.2104375,1.523519,1.2433941,1.2168001
tree13,1.1183696,0.9236442,0.8935491,0.9549159,0.9664282,0.8784735,0.9268462,0.8822277,0.925959,0.8677708,0.8576394,0.9009401,0.9580486,0.9709738,0.9084231,0.9130523,0.9138105,0.5782021,0.9607007,0.9306056,0.9919725,1.0034847,1.0569843,1.105357,1.2399001,1.2836314,1.2254432,1.2153118,1.2586125,1.315721,1.3286462,1.2660955,1.2707247,1.3930965,1.1651493,0.2365086,0.4465893,0.4581015,0.8622589,0.9106316,1.0451747,1.0889061,1.0307179,1.0205864,1.0638872,1.1209957,1.1339209,1.0713702,1.0759993,1.1983711,0.970424,0.4164942,0.4280064,0.8321638,0.8805365,1.0150796,1.058811,1.0006227,0.9904913,1.0337921,1.0909006,1.1038258,1.041275,1.0459042,1.168276,0.9403289,0.4170994,0.8935307,0.9419034,1.0764464,1.1201778,1.0619896,1.0518582,1.0951589,1.1522674,1.1651926,1.1026419,1.1072711,1.2296429,1.0016957,0.9050429,0.9534156,1.0879587,1.13169,1.0735018,1.0633704,1.1066711,1.1637797,1.1767048,1.1141541,1.1187833,1.2411551,1.0132079,0.3146103,1.000004,1.0437354,0.9855472,0.9754157,1.0187165,1.075825,1.0887502,1.0261995,1.0308286,1.1532004,0.9252533,1.0483767,1.0921081,1.0339199,1.0237884,1.0670892,1.1241977,1.1371229,1.0745722,1.0792013,1.2015731,0.973626,0.3657494,0.3588928,0.5020276,0.6605391,0.7176476,0.7305728,0.8330166,0.8376457,1.1569546,0.9290074,0.4026242,0.545759,0.7042705,0.761379,0.7743042,0.8767479,0.8813771,1.2006859,0.9727388,0.4875708,0.6460823,0.7031908,0.7161159,0.8185597,0.8231889,1.1424977,0.9145506,0.6359508,0.6930594,0.7059845,0.8084283,0.8130575,1.1323663,0.9044191,0.250313,0.2632381,0.8517291,0.8563582,1.1756671,0.9477199,0.2525895,0.9088376,0.9134667,1.2327756,1.0048284,0.9217627,0.9263919,1.2457007,1.0177536,0.447146,1.18315,0.9552029,1.1877792,0.959832,0.9605902
tree14,1.8342634,1.5318117,1.4780653,1.6017758,1.5940904,1.4257416,1.5044299,1.5168122,1.5775219,1.4967943,1.4379146,1.5060111,1.6008399,1.6106338,1.5000267,1.5320469,1.4649452,0.9289363,1.5737022,1.5199559,1.6436663,1.6359809,1.699661,1.7783494,2.1144248,2.1751345,2.0944069,2.0355271,2.1036237,2.1984525,2.2082464,2.0976393,2.1296595,2.2645223,1.9011765,0.3602501,0.7177075,0.7100221,1.3972094,1.4758977,1.8119732,1.8726828,1.7919552,1.7330755,1.801172,1.8960008,1.9057947,1.7951876,1.8272078,1.9620707,1.5987248,0.6639611,0.6562757,1.343463,1.4221513,1.7582268,1.8189365,1.7382088,1.6793291,1.7474257,1.8422544,1.8520483,1.7414412,1.7734614,1.9083243,1.5449785,0.665528,1.4671735,1.5458618,1.8819372,1.9426469,1.8619193,1.8030396,1.8711361,1.9659649,1.9757588,1.8651517,1.8971719,2.0320348,1.6686889,1.459488,1.5381763,1.8742518,1.9349615,1.8542338,1.7953541,1.8634507,1.9582795,1.9680734,1.8574662,1.8894864,2.0243493,1.6610035,0.5101376,1.7059031,1.7666127,1.6858851,1.6270054,1.6951019,1.7899307,1.7997246,1.6891175,1.7211377,1.8560006,1.4926547,1.7845914,1.845301,1.7645734,1.7056937,1.7737902,1.868619,1.8784129,1.7678058,1.799826,1.9346889,1.571343,0.5792826,0.5930323,0.8384318,1.1091399,1.2039686,1.2137625,1.4031569,1.4351771,1.9470712,1.5837254,0.653742,0.8991414,1.1698495,1.2646783,1.2744722,1.4638666,1.4958868,2.0077809,1.644435,0.8184138,1.0891219,1.1839507,1.1937446,1.383139,1.4151592,1.9270533,1.5637074,1.0302422,1.125071,1.1348649,1.3242592,1.3562795,1.8681735,1.5048277,0.4117665,0.4215603,1.3923558,1.424376,1.9362701,1.5729242,0.4027394,1.4871846,1.5192048,2.0310989,1.667753,1.4969785,1.5289987,2.0408928,1.6775469,0.7228334,1.9302856,1.5669398,1.9623059,1.59896,1.5318583
tree15,1.0977048,0.9062242,0.8685838,0.9270286,0.9395896,0.8570812,0.9050001,0.8630501,0.9105349,0.8421727,0.8373115,0.8808824,0.9396185,0.9501289,0.8802053,0.8929468,0.8839336,0.5691221,0.9450336,0.9073932,0.965838,0.978399,1.0287225,1.0766415,1.2161075,1.2635923,1.19523,1.1903689,1.2339398,1.2926759,1.3031862,1.2332627,1.2460041,1.358823,1.1469139,0.2296157,0.4309755,0.4435365,0.8372419,0.8851608,1.0246269,1.0721117,1.0037494,0.9988882,1.0424591,1.1011953,1.1117056,1.041782,1.0545235,1.1673424,0.9554333,0.3933351,0.4058961,0.7996015,0.8475204,0.9869864,1.0344712,0.9661089,0.9612478,1.0048187,1.0635548,1.0740652,1.0041416,1.0168831,1.1297019,0.9177929,0.3958779,0.8580463,0.9059652,1.0454313,1.0929161,1.0245538,1.0196926,1.0632635,1.1219997,1.13251,1.0625864,1.0753279,1.1881468,0.9762377,0.8706073,0.9185262,1.0579923,1.1054771,1.0371148,1.0322536,1.0758245,1.1345607,1.145071,1.0751474,1.0878889,1.2007078,0.9887987,0.3095534,0.9754838,1.0229686,0.9546064,0.9497452,0.9933161,1.0520522,1.0625626,0.992639,1.0053805,1.1181993,0.9062903,1.0234027,1.0708875,1.0025253,0.9976641,1.041235,1.0999711,1.1104815,1.0405579,1.0532994,1.1661183,0.9542092,0.3487541,0.3354095,0.4811262,0.6337039,0.6924401,0.7029504,0.7936878,0.8064292,1.1241683,0.9122592,0.3828943,0.528611,0.6811887,0.7399248,0.7504352,0.8411726,0.853914,1.1716531,0.959744,0.4602488,0.6128265,0.6715626,0.6820729,0.7728103,0.7855518,1.1032908,0.8913818,0.6079653,0.6667014,0.6772118,0.7679491,0.7806906,1.0984297,0.8865206,0.2454,0.2559103,0.81152,0.8242615,1.1420006,0.9300915,0.2411662,0.8702562,0.8829976,1.2007367,0.9888276,0.8807665,0.893508,1.2112471,0.999338,0.4247704,1.1413235,0.9294144,1.154065,0.9421559,0.9331427
tree16,1.1043035,0.912288,0.8747534,0.9356426,0.9506969,0.8610128,0.9080199,0.874738,0.9195363,0.8541831,0.8453917,0.8864442,0.947231,0.9617627,0.8934783,0.9033127,0.8935791,0.5669582,0.9535622,0.9160276,0.9769168,0.9919711,1.0357953,1.0828024,1.2252229,1.2700213,1.2046681,1.1958767,1.2369292,1.297716,1.3122477,1.2439633,1.2537977,1.3679449,1.1504488,0.2312148,0.4353529,0.4504071,0.8437798,0.8907869,1.0332074,1.0780057,1.0126525,1.0038611,1.0449136,1.1057005,1.1202322,1.0519478,1.0617822,1.1759294,0.9584333,0.3978182,0.4128725,0.8062451,0.8532523,0.9956728,1.0404711,0.9751179,0.9663265,1.007379,1.0681658,1.0826975,1.0144131,1.0242475,1.1383947,0.9208987,0.4028568,0.8671344,0.9141415,1.056562,1.1013603,1.0360071,1.0272157,1.0682682,1.1290551,1.1435868,1.0753024,1.0851367,1.199284,0.9817879,0.8821887,0.9291958,1.0716163,1.1164146,1.0510614,1.04227,1.0833225,1.1441094,1.1586411,1.0903567,1.100191,1.2143383,0.9968422,0.3129197,0.9819322,1.0267305,0.9613773,0.9525859,0.9936384,1.0544252,1.0689569,1.0006725,1.0105069,1.1246541,0.9071581,1.0289393,1.0737376,1.0083844,0.999593,1.0406455,1.1014324,1.1159641,1.0476797,1.057514,1.1716612,0.9541652,0.3503085,0.3414153,0.4838313,0.6346848,0.6954716,0.7100033,0.8020966,0.811931,1.1383793,0.9208833,0.3862137,0.5286297,0.6794831,0.74027,0.7548017,0.8468949,0.8567293,1.1831776,0.9656816,0.4632765,0.6141299,0.6749167,0.6894484,0.7815417,0.7913761,1.1178244,0.9003284,0.6053385,0.6661253,0.680657,0.7727503,0.7825847,1.109033,0.891537,0.2363837,0.2509154,0.8138028,0.8236372,1.1500855,0.9325895,0.239947,0.8745897,0.8844241,1.2108724,0.9933763,0.8891214,0.8989558,1.2254041,1.007908,0.4226154,1.1571197,0.9396236,1.166954,0.949458,0.9397244
tree17,1.7378511,1.4674844,1.4147601,1.5192671,1.5129104,1.3688428,1.4418505,1.4465307,1.4983009,1.4183504,1.3788269,1.4476428,1.5325327,1.54377,1.4439295,1.4606435,1.4028995,0.9067439,1.5211371,1.4684128,1.5729198,1.5665631,1.6236615,1.6966693,1.9870261,2.0387963,1.9588458,1.9193223,1.9881382,2.0730281,2.0842654,1.9844249,2.001139,2.129659,1.803357,0.3629063,0.699851,0.6934943,1.3532947,1.4263025,1.7166593,1.7684295,1.6884791,1.6489555,1.7177714,1.8026613,1.8138986,1.7140581,1.7307722,1.8592923,1.5329902,0.6471268,0.64077,1.3005705,1.3735782,1.6639351,1.7157053,1.6357548,1.5962313,1.6650472,1.7499371,1.7611744,1.6613339,1.6780479,1.806568,1.480266,0.6352451,1.4050775,1.4780853,1.7684421,1.8202123,1.7402618,1.7007383,1.7695542,1.8544441,1.8656814,1.7658409,1.7825549,1.911075,1.584773,1.3987208,1.4717285,1.7620854,1.8138556,1.7339051,1.6943815,1.7631975,1.8480873,1.8593246,1.7594842,1.7761982,1.9047183,1.5784163,0.4943093,1.6180177,1.6697879,1.5898375,1.5503139,1.6191298,1.7040197,1.715257,1.6154165,1.6321306,1.7606506,1.4343486,1.6910255,1.7427957,1.6628452,1.6233216,1.6921376,1.7770274,1.7882647,1.6884243,1.7051383,1.8336584,1.5073564,0.5629036,0.5739968,0.8132614,1.0660055,1.1508954,1.1621327,1.3323857,1.3490997,1.8383386,1.5120366,0.625767,0.8650316,1.1177757,1.2026656,1.2139029,1.3841559,1.4008699,1.8901088,1.5638068,0.7850812,1.0378252,1.1227151,1.1339524,1.3042054,1.3209194,1.8101583,1.4838563,0.9983017,1.0831915,1.0944288,1.2646818,1.2813958,1.7706347,1.4443327,0.3975504,0.4087877,1.3334978,1.3502118,1.8394507,1.5131487,0.3832164,1.4183876,1.4351017,1.9243405,1.5980385,1.4296249,1.446339,1.9355779,1.6092759,0.6929587,1.8357374,1.5094354,1.8524514,1.5261494,1.4684054
tree18,1.1352365,0.9367306,0.9046665,0.9703212,0.9792475,0.8951229,0.941051,0.897149,0.9453908,0.8809234,0.8651612,0.9101823,0.9663139,0.9776188,0.9170674,0.9244824,0.9218895,0.5944381,0.9778818,0.9458177,1.0114723,1.0203986,1.0776825,1.1236106,1.2662989,1.3145407,1.2500733,1.2343111,1.2793323,1.3354639,1.3467687,1.2862174,1.2936324,1.4123153,1.1885642,0.2412016,0.4526763,0.4616027,0.8791766,0.9251047,1.067793,1.1160348,1.0515674,1.0358052,1.0808264,1.136958,1.1482628,1.0877115,1.0951265,1.2138094,0.9900583,0.4206122,0.4295385,0.8471125,0.8930406,1.0357289,1.0839707,1.0195033,1.0037411,1.0487622,1.1048938,1.1161987,1.0556474,1.0630624,1.1817453,0.9579942,0.420989,0.9127671,0.9586952,1.1013835,1.1496253,1.0851579,1.0693957,1.1144169,1.1705485,1.1818533,1.121302,1.128717,1.2473999,1.0236488,0.9216935,0.9676216,1.1103099,1.1585517,1.0940842,1.0783221,1.1233432,1.1794748,1.1907797,1.1302283,1.1376433,1.2563262,1.0325752,0.3198057,1.0261853,1.0744271,1.0099597,0.9941975,1.0392186,1.0953502,1.1066551,1.0461037,1.0535187,1.1722017,0.9484506,1.0721134,1.1203552,1.0558878,1.0401256,1.0851467,1.1412783,1.1525832,1.0920318,1.0994468,1.2181297,0.9943787,0.3750714,0.3658405,0.5127597,0.6762012,0.7323328,0.7436377,0.8474189,0.8548339,1.1742277,0.9504767,0.4140823,0.5610015,0.724443,0.7805746,0.7918795,0.8956608,0.9030758,1.2224695,0.9987185,0.4965341,0.6599756,0.7161072,0.727412,0.8311933,0.8386083,1.1580021,0.9342511,0.6442134,0.700345,0.7116499,0.8154312,0.8228462,1.1422399,0.9184889,0.2571134,0.2684183,0.8604523,0.8678673,1.1872611,0.96351,0.2561206,0.9165839,0.9239989,1.2433927,1.0196416,0.9278887,0.9353038,1.2546975,1.0309465,0.4549956,1.1941462,0.9703951,1.2015612,0.9778101,0.9752171
tree19,1.8342825,1.5318308,1.4780831,1.6017958,1.5941092,1.4257603,1.5044488,1.5168284,1.5775381,1.4968098,1.4379297,1.5060249,1.6008565,1.6106515,1.5000433,1.5320632,1.4649611,0.928948,1.5737206,1.5199729,1.6436856,1.6359989,1.6996803,1.7783688,2.1144476,2.1751574,2.094429,2.0355489,2.1036442,2.1984758,2.2082708,2.0976626,2.1296824,2.2645484,1.9012014,0.3602543,0.7177171,0.7100305,1.3972286,1.4759171,1.8119959,1.8727057,1.7919773,1.7330972,1.8011925,1.8960241,1.9058191,1.7952109,1.8272307,1.9620967,1.5987497,0.6639695,0.6562828,1.3434809,1.4221694,1.7582483,1.818958,1.7382297,1.6793495,1.7474448,1.8422764,1.8520714,1.7414632,1.7734831,1.908349,1.545002,0.6655361,1.4671936,1.5458821,1.881961,1.9426707,1.8619424,1.8030623,1.8711575,1.9659892,1.9757841,1.8651759,1.8971958,2.0320617,1.6687147,1.459507,1.5381955,1.8742743,1.9349841,1.8542557,1.7953756,1.8634709,1.9583025,1.9680975,1.8574893,1.8895091,2.0243751,1.6610281,0.5101444,1.7059254,1.7666352,1.6859068,1.6270267,1.695122,1.7899536,1.7997486,1.6891404,1.7211602,1.8560262,1.4926792,1.784614,1.8453237,1.7645954,1.7057152,1.7738105,1.8686421,1.8784371,1.7678289,1.7998488,1.9347147,1.5713677,0.579289,0.5930391,0.8384426,1.1091511,1.2039827,1.2137777,1.4031732,1.435193,1.9470943,1.5837473,0.6537489,0.8991524,1.1698609,1.2646925,1.2744875,1.4638829,1.4959028,2.007804,1.6444571,0.818424,1.0891325,1.1839641,1.1937591,1.3831546,1.4151744,1.9270757,1.5637287,1.0302524,1.125084,1.134879,1.3242745,1.3562943,1.8681955,1.5048486,0.4117701,0.4215651,1.3923697,1.4243896,1.9362908,1.5729439,0.4027436,1.4872014,1.5192212,2.0311224,1.6677755,1.4969963,1.5290162,2.0409174,1.6775704,0.7228412,1.9303092,1.5669622,1.9623291,1.5989821,1.5318801
tree20,1.4077038,1.1829106,1.1399887,1.2094706,1.2289799,1.1211229,1.1832892,1.1453777,1.1925656,1.1251633,1.1072748,1.155849,1.2179684,1.2361031,1.1525969,1.1746255,1.1526399,0.7285879,1.2262279,1.183306,1.2527879,1.2722972,1.3232609,1.3854273,1.5735241,1.6207121,1.5533097,1.5354213,1.5839954,1.6461149,1.6642496,1.5807433,1.602772,1.728457,1.4477717,0.2905975,0.5416415,0.5611508,1.0984677,1.1606341,1.3487309,1.3959189,1.3285165,1.3106281,1.3592022,1.4213217,1.4394564,1.3559501,1.3779788,1.5036638,1.2229785,0.4987196,0.5182289,1.0555458,1.1177121,1.305809,1.3529969,1.2855946,1.2677062,1.3162803,1.3783998,1.3965345,1.3130282,1.3350569,1.4607419,1.1800566,0.5043199,1.1250277,1.1871941,1.375291,1.4224789,1.3550766,1.3371881,1.3857623,1.4478817,1.4660164,1.3825101,1.4045388,1.5302238,1.2495386,1.144537,1.2067034,1.3948003,1.4419882,1.3745859,1.3566974,1.4052716,1.467391,1.4855257,1.4020194,1.4240481,1.5497331,1.2690479,0.4056968,1.2869432,1.3341311,1.2667288,1.2488404,1.2974145,1.359534,1.3776687,1.2941624,1.3161911,1.4418761,1.1611908,1.3491096,1.3962975,1.3288952,1.3110067,1.3595809,1.4217003,1.439835,1.3563287,1.3783574,1.5040424,1.2233572,0.4433219,0.4502003,0.6352861,0.8208398,0.8829592,0.9010939,1.0338482,1.0558769,1.4661309,1.1854457,0.4973883,0.682474,0.8680277,0.9301471,0.9482818,1.0810361,1.1030648,1.5133188,1.2326336,0.6150717,0.8006254,0.8627448,0.8808795,1.0136338,1.0356625,1.4459165,1.1652313,0.7827369,0.8448564,0.8629911,0.9957454,1.0177741,1.428028,1.1473428,0.3136463,0.331781,1.0443195,1.0663482,1.4766022,1.195917,0.3060902,1.106439,1.1284677,1.5387216,1.2580364,1.1245737,1.1466023,1.5568563,1.2761711,0.5517234,1.4733501,1.1926648,1.4953787,1.2146935,1.1927079
tree21,1.141334,0.9362822,0.9019188,0.9643693,0.9763183,0.8860078,0.9348925,0.8915225,0.9387473,0.8774391,0.8632608,0.9067002,0.9617391,0.9739547,0.9168471,0.9222093,0.9179398,0.5875681,0.9798517,0.9454883,1.0079388,1.0198878,1.0780077,1.1268925,1.2662547,1.3134795,1.2521713,1.237993,1.2814324,1.3364713,1.3486869,1.2915793,1.2969416,1.4177005,1.1922628,0.2397,0.4487559,0.460705,0.8729559,0.9218406,1.0612028,1.1084277,1.0471195,1.0329412,1.0763806,1.1314194,1.1436351,1.0865275,1.0918897,1.2126486,0.987211,0.4143926,0.4263416,0.8385925,0.8874772,1.0268395,1.0740643,1.0127561,0.9985778,1.0420172,1.0970561,1.1092717,1.0521641,1.0575263,1.1782853,0.9528476,0.415761,0.901043,0.9499277,1.0892899,1.1365148,1.0752066,1.0610283,1.1044677,1.1595065,1.1717222,1.1146146,1.1199768,1.2407357,1.0152981,0.912992,0.9618767,1.101239,1.1484638,1.0871556,1.0729773,1.1164167,1.1714556,1.1836712,1.1265636,1.1319258,1.2526848,1.0272471,0.3196814,1.0109284,1.0581533,0.9968451,0.9826668,1.0261062,1.081145,1.0933607,1.0362531,1.0416153,1.1623743,0.9369366,1.0598132,1.107038,1.0457298,1.0315515,1.0749909,1.1300298,1.1422454,1.0851378,1.0905,1.211259,0.9858213,0.3679195,0.3620846,0.5052976,0.6687986,0.7238375,0.7360531,0.843475,0.8488373,1.167889,0.9424513,0.4093095,0.5525224,0.7160235,0.7710623,0.783278,0.8906999,0.8960621,1.2151138,0.9896761,0.4912142,0.6547153,0.7097541,0.7219698,0.8293917,0.8347539,1.1538056,0.9283679,0.640537,0.6955758,0.7077915,0.8152134,0.8205756,1.1396273,0.9141896,0.2557134,0.2679291,0.8586528,0.864015,1.1830667,0.957629,0.2542303,0.9136916,0.9190539,1.2381055,1.0126679,0.9259073,0.9312695,1.2503212,1.0248836,0.4475879,1.1932136,0.9677759,1.1985758,0.9731382,0.9688686
tree22,1.0977047,0.9062241,0.8685836,0.9270285,0.9395895,0.8570811,0.905,0.86305,0.9105348,0.8421726,0.8373114,0.8808823,0.9396184,0.9501288,0.8802052,0.8929467,0.8839335,0.569122,0.9450335,0.9073931,0.9658379,0.9783989,1.0287224,1.0766413,1.2161074,1.2635921,1.1952299,1.1903687,1.2339396,1.2926758,1.3031861,1.2332626,1.246004,1.3588229,1.1469138,0.2296157,0.4309755,0.4435365,0.8372418,0.8851607,1.0246267,1.0721115,1.0037493,0.9988881,1.042459,1.1011951,1.1117055,1.0417819,1.0545234,1.1673423,0.9554332,0.393335,0.405896,0.7996013,0.8475203,0.9869863,1.0344711,0.9661088,0.9612477,1.0048186,1.0635547,1.074065,1.0041415,1.0168829,1.1297018,0.9177928,0.3958778,0.8580462,0.9059651,1.0454311,1.0929159,1.0245537,1.0196925,1.0632634,1.1219995,1.1325099,1.0625863,1.0753278,1.1881467,0.9762376,0.8706072,0.9185261,1.0579921,1.1054769,1.0371147,1.0322535,1.0758244,1.1345605,1.1450709,1.0751473,1.0878888,1.2007077,0.9887986,0.3095533,0.9754837,1.0229685,0.9546062,0.9497451,0.993316,1.0520521,1.0625624,0.9926389,1.0053804,1.1181992,0.9062902,1.0234026,1.0708874,1.0025252,0.997664,1.0412349,1.099971,1.1104814,1.0405578,1.0532993,1.1661182,0.9542091,0.3487541,0.3354094,0.4811262,0.6337038,0.69244,0.7029503,0.7936877,0.8064291,1.1241682,0.9122591,0.3828942,0.5286109,0.6811886,0.7399247,0.7504351,0.8411725,0.8539139,1.171653,0.9597439,0.4602487,0.6128264,0.6715625,0.6820728,0.7728102,0.7855517,1.1032907,0.8913817,0.6079652,0.6667013,0.6772117,0.767949,0.7806905,1.0984296,0.8865205,0.2454,0.2559103,0.8115199,0.8242614,1.1420005,0.9300914,0.2411662,0.8702561,0.8829975,1.2007366,0.9888275,0.8807664,0.8935079,1.2112469,0.9993379,0.4247704,1.1413234,0.9294143,1.1540649,0.9421558,0.9331426
tree23,1.428183,1.1897347,1.1451018,1.2162127,1.2329744,1.123587,1.1859714,1.1521801,1.1985851,1.1318352,1.1132438,1.1627627,1.2297201,1.2440787,1.1618627,1.1889272,1.1667163,0.732974,1.2343622,1.1897293,1.2608403,1.2776019,1.3371651,1.3995495,1.6101808,1.6565858,1.5898359,1.5712445,1.6207634,1.6877208,1.7020794,1.6198634,1.6469279,1.7737526,1.4780739,0.2893661,0.5449735,0.5617352,1.0987167,1.1611011,1.3717325,1.4181375,1.3513875,1.3327961,1.382315,1.4492725,1.4636311,1.381415,1.4084796,1.5353043,1.2396255,0.5003406,0.5171023,1.0540838,1.1164682,1.3270996,1.3735045,1.3067546,1.2881632,1.3376821,1.4046396,1.4189981,1.3367821,1.3638467,1.4906714,1.1949926,0.5060377,1.1251947,1.1875791,1.3982105,1.4446155,1.3778656,1.3592741,1.408793,1.4757505,1.4901091,1.407893,1.4349576,1.5617823,1.2661036,1.1419564,1.2043408,1.4149722,1.4613772,1.3946272,1.3760358,1.4255547,1.4925122,1.5068708,1.4246547,1.4517193,1.578544,1.2828652,0.4053605,1.3055848,1.3519898,1.2852399,1.2666484,1.3161674,1.3831248,1.3974834,1.3152673,1.3423319,1.4691566,1.1734779,1.3679692,1.4143742,1.3476242,1.3290328,1.3785517,1.4455092,1.4598678,1.3776517,1.4047163,1.531541,1.2358622,0.4453203,0.4510875,0.6434401,0.8376101,0.9045675,0.9189261,1.0575309,1.0845954,1.4977497,1.202071,0.4974925,0.6898451,0.8840151,0.9509725,0.9653311,1.1039359,1.1310004,1.5441547,1.248476,0.6230952,0.8172651,0.8842226,0.8985812,1.0371859,1.0642505,1.4774048,1.1817261,0.7986737,0.8656311,0.8799897,1.0185945,1.0456591,1.4588134,1.1631346,0.312868,0.3272266,1.0681134,1.095178,1.5083323,1.2126536,0.3069956,1.1350709,1.1621354,1.5752897,1.279611,1.1494295,1.176494,1.5896483,1.2939696,0.560259,1.5074323,1.2117535,1.5344968,1.2388181,1.2166072
tree24,1.108062,0.9201117,0.8846513,0.9469717,0.9538745,0.8690738,0.9170661,0.8738789,0.9243631,0.86383,0.8422721,0.8952508,0.9501228,0.9627876,0.8964933,0.91004,0.9075996,0.5766285,0.950229,0.9147687,0.977089,0.9839919,1.0443929,1.0923853,1.2348135,1.2852976,1.2247645,1.2032067,1.2561853,1.3110573,1.3237222,1.2574279,1.2709746,1.3869175,1.1591684,0.234649,0.4413028,0.4482056,0.8564426,0.9044349,1.0468632,1.0973473,1.0368142,1.0152564,1.068235,1.123107,1.1357718,1.0694775,1.0830242,1.1989671,0.971218,0.4058424,0.4127452,0.8209822,0.8689745,1.0114028,1.0618869,1.0013538,0.979796,1.0327746,1.0876466,1.1003114,1.0340171,1.0475638,1.1635068,0.9357576,0.4066806,0.8833025,0.9312949,1.0737231,1.1242073,1.0636742,1.0421163,1.0950949,1.1499669,1.1626318,1.0963375,1.1098842,1.2258271,0.998078,0.8902054,0.9381977,1.080626,1.1311101,1.070577,1.0490192,1.1019978,1.1568698,1.1695346,1.1032403,1.1167871,1.23273,1.0049809,0.3119944,0.9958252,1.0463094,0.9857763,0.9642184,1.0171971,1.072069,1.0847339,1.0184396,1.0319863,1.1479292,0.9201801,1.0438176,1.0943017,1.0337686,1.0122108,1.0651894,1.1200614,1.1327262,1.0664319,1.0799786,1.1959216,0.9681724,0.3649023,0.3581916,0.489549,0.6608219,0.7156939,0.7283588,0.8242968,0.8378435,1.1527344,0.9249853,0.4086757,0.5400331,0.7113061,0.7661781,0.7788429,0.8747809,0.8883276,1.2032185,0.9754694,0.4795,0.650773,0.705645,0.7183098,0.8142478,0.8277945,1.1426854,0.9149363,0.6292151,0.6840871,0.696752,0.79269,0.8062367,1.1211276,0.8933785,0.2472359,0.2599007,0.8456686,0.8592153,1.1741062,0.9463571,0.2485263,0.9005406,0.9140873,1.2289782,1.0012291,0.9132054,0.9267521,1.241643,1.0138939,0.4448286,1.1753487,0.9475996,1.1888955,0.9611463,0.9587059
tree25,1.4350874,1.200721,1.1567828,1.2304868,1.2515075,1.1492264,1.2090704,1.1687509,1.2128514,1.1469844,1.126932,1.1685297,1.232617,1.2464703,1.1717023,1.1964399,1.1693441,0.7486064,1.2441137,1.2001756,1.2738795,1.2949003,1.3529912,1.4128352,1.6134929,1.6575934,1.5917263,1.5716739,1.6132716,1.6773589,1.6912122,1.6164442,1.6411819,1.7631553,1.4780888,0.2946619,0.5481155,0.5691363,1.1186248,1.1784688,1.3791265,1.423227,1.3573599,1.3373075,1.3789052,1.4429925,1.4568458,1.3820778,1.4068155,1.5287889,1.2437224,0.5041774,0.5251981,1.0746867,1.1345307,1.3351883,1.3792888,1.3134218,1.2933694,1.3349671,1.3990544,1.4129077,1.3381397,1.3628773,1.4848508,1.1997843,0.5173253,1.1483906,1.2082346,1.4088922,1.4529927,1.3871257,1.3670733,1.408671,1.4727583,1.4866116,1.4118436,1.4365812,1.5585547,1.2734882,1.1694113,1.2292553,1.429913,1.4740135,1.4081465,1.388094,1.4296918,1.4937791,1.5076323,1.4328643,1.457602,1.5795755,1.2945089,0.4174517,1.3276319,1.3717324,1.3058653,1.2858129,1.3274106,1.3914979,1.4053512,1.3305832,1.3553209,1.4772943,1.1922278,1.3874758,1.4315763,1.3657093,1.3456569,1.3872546,1.4513419,1.4651952,1.3904272,1.4151648,1.5371383,1.2520718,0.4530346,0.4605821,0.652908,0.8403647,0.904452,0.9183053,1.0568131,1.0815508,1.4968189,1.2117523,0.5046826,0.6970085,0.8844652,0.9485525,0.9624058,1.1009136,1.1256513,1.5409194,1.2558529,0.6311414,0.8185982,0.8826855,0.8965387,1.0350466,1.0597842,1.4750523,1.1899858,0.7985458,0.8626331,0.8764863,1.0149941,1.0397318,1.4549999,1.1699334,0.3223627,0.3362159,1.0565919,1.0813296,1.4965977,1.2115311,0.3135435,1.1206792,1.1454169,1.560685,1.2756184,1.1345325,1.1592701,1.5745382,1.2894717,0.5659684,1.4997702,1.2147037,1.5245079,1.2394414,1.2123456
tree26,1.7221816,1.4254517,1.3766114,1.4769311,1.483859,1.360574,1.4264464,1.4082693,1.4592441,1.3830826,1.3451946,1.4078547,1.4930287,1.4963652,1.4147442,1.4398899,1.3801394,0.8983604,1.4772489,1.4284086,1.5287284,1.5356562,1.609443,1.6753154,1.9487005,1.9996753,1.9235138,1.8856258,1.9482858,2.0334599,2.0367964,1.9551754,1.9803211,2.1096319,1.7936304,0.3560383,0.6741754,0.6811033,1.312713,1.3785855,1.6519705,1.7029453,1.6267839,1.5888959,1.6515559,1.7367299,1.7400664,1.6584455,1.6835912,1.812902,1.4969005,0.6253351,0.632263,1.2638727,1.3297452,1.6031303,1.654105,1.5779436,1.5400556,1.6027156,1.6878896,1.6912261,1.6096052,1.6347509,1.7640617,1.4480602,0.6289907,1.3641925,1.4300649,1.70345,1.7544248,1.6782633,1.6403753,1.7030354,1.7882094,1.7915459,1.709925,1.7350706,1.8643814,1.54838,1.3711203,1.4369928,1.7103779,1.7613526,1.6851912,1.6473032,1.7099632,1.7951372,1.7984737,1.7168528,1.7419985,1.8713093,1.5553078,0.4871054,1.5870929,1.6380677,1.5619062,1.5240182,1.5866783,1.6718523,1.6751888,1.5935679,1.6187135,1.7480243,1.4320228,1.6529653,1.7039401,1.6277787,1.5898907,1.6525507,1.7377247,1.7410612,1.6594403,1.684586,1.8138967,1.4978953,0.5552375,0.5656867,0.7981716,1.0373199,1.1224939,1.1258304,1.298083,1.3232287,1.7957196,1.4797181,0.6166614,0.8491463,1.0882947,1.1734687,1.1768052,1.3490578,1.3742035,1.8466944,1.5306929,0.7729849,1.0121333,1.0973073,1.1006438,1.2728963,1.298042,1.7705329,1.4545315,0.9742453,1.0594193,1.0627558,1.2350083,1.260154,1.7326449,1.4166435,0.4015785,0.404915,1.2976684,1.3228141,1.795305,1.4793035,0.3838139,1.3828424,1.4079881,1.880479,1.5644775,1.3861789,1.4113246,1.8838155,1.567814,0.6949379,1.8021945,1.4861931,1.8273402,1.5113388,1.4515882
tree27,1.4031342,1.1677874,1.1280854,1.1994761,1.2185755,1.1040594,1.1675772,1.1398646,1.1769171,1.1087064,1.0876365,1.1336372,1.205194,1.2214229,1.145186,1.1518759,1.1472572,0.7316699,1.2166656,1.1769636,1.2483543,1.2674537,1.307455,1.3709728,1.573561,1.6106135,1.5424028,1.521333,1.5673336,1.6388904,1.6551194,1.5788824,1.5855724,1.731189,1.4581444,0.288582,0.5465061,0.5656055,1.0721083,1.1356261,1.3382142,1.3752668,1.307056,1.2859862,1.3319869,1.4035437,1.4197726,1.3435356,1.3502256,1.4958422,1.2227977,0.5068041,0.5259035,1.0324062,1.0959241,1.2985122,1.3355647,1.267354,1.2462842,1.2922849,1.3638417,1.3800706,1.3038336,1.3105236,1.4561402,1.1830956,0.5125558,1.103797,1.1673148,1.3699029,1.4069555,1.3387447,1.3176749,1.3636756,1.4352324,1.4514613,1.3752244,1.3819143,1.5275309,1.2544864,1.1228964,1.1864142,1.3890023,1.4260549,1.3578441,1.3367743,1.382775,1.4543318,1.4705607,1.3943238,1.4010137,1.5466304,1.2735858,0.398039,1.2744862,1.3115387,1.243328,1.2222581,1.2682588,1.3398156,1.3560446,1.2798076,1.2864976,1.4321142,1.1590696,1.338004,1.3750565,1.3068458,1.285776,1.3317766,1.4033334,1.4195624,1.3433254,1.3500154,1.495632,1.2225874,0.4483302,0.4484665,0.6308643,0.8197201,0.8912768,0.9075058,1.0376086,1.0442986,1.4679194,1.1948748,0.485519,0.6679169,0.8567726,0.9283294,0.9445583,1.0746612,1.0813511,1.5049719,1.2319273,0.5997061,0.7885618,0.8601186,0.8763476,1.0064504,1.0131404,1.4367612,1.1637166,0.767492,0.8390488,0.8552778,0.9853806,0.9920706,1.4156914,1.1426468,0.305886,0.322115,1.0313813,1.0380712,1.461692,1.1886474,0.3072748,1.1029381,1.109628,1.5332488,1.2602042,1.119167,1.125857,1.5494778,1.2764332,0.5284233,1.4732408,1.2001962,1.4799308,1.2068862,1.2022674
tree28,1.0837401,0.8985166,0.8612692,0.9203827,0.9322039,0.8545257,0.8986875,0.859893,0.9079694,0.838943,0.8300124,0.8739563,0.9339658,0.9447452,0.8729706,0.8879349,0.8811458,0.5668886,0.9433559,0.9061085,0.965222,0.9770431,1.0283291,1.072491,1.2098999,1.2579763,1.18895,1.1800193,1.2239632,1.2839727,1.2947521,1.2229775,1.2379419,1.352074,1.1376564,0.2277466,0.4312845,0.4431056,0.8431057,0.8872675,1.0246764,1.0727529,1.0037265,0.9947958,1.0387397,1.0987492,1.1095286,1.0377541,1.0527184,1.1668505,0.952433,0.394037,0.4058582,0.8058582,0.8500201,0.987429,1.0355054,0.9664791,0.9575484,1.0014923,1.0615018,1.0722812,1.0005066,1.0154709,1.1296031,0.9151855,0.3972217,0.8649718,0.9091336,1.0465426,1.094619,1.0255926,1.0166619,1.0606059,1.1206153,1.1313948,1.0596202,1.0745845,1.1887166,0.9742991,0.8767929,0.9209547,1.0583637,1.1064401,1.0374137,1.0284831,1.072427,1.1324365,1.1432159,1.0714413,1.0864056,1.2005378,0.9861202,0.3090656,0.9806855,1.0287619,0.9597355,0.9508049,0.9947488,1.0547583,1.0655377,0.9937631,1.0087274,1.1228596,0.908442,1.0248473,1.0729237,1.0038974,0.9949667,1.0389106,1.0989201,1.1096995,1.0379249,1.0528893,1.1670214,0.9526038,0.3521511,0.338327,0.4808351,0.632492,0.6925015,0.7032809,0.7928199,0.8077842,1.1282269,0.9138094,0.3864034,0.5289116,0.6805684,0.7405779,0.7513573,0.8408963,0.8558607,1.1763033,0.9618858,0.4598852,0.6115421,0.6715515,0.682331,0.77187,0.7868343,1.107277,0.8928594,0.6026114,0.6626209,0.6734003,0.7629393,0.7779036,1.0983463,0.8839287,0.2424445,0.253224,0.8068832,0.8218475,1.1422902,0.9278726,0.2398833,0.8668927,0.881857,1.2022997,0.9878821,0.8776721,0.8926364,1.2130791,0.9986615,0.423927,1.1413045,0.926887,1.1562688,0.9418513,0.9350622
tree29,1.1043015,0.912285,0.8747504,0.9356395,0.9506937,0.8610101,0.9080171,0.8747347,0.9195327,0.85418,0.8453888,0.8864414,0.9472279,0.9617595,0.8934759,0.90331,0.8935775,0.5669583,0.9535598,0.9160252,0.9769143,0.9919685,1.0357928,1.0827999,1.2252193,1.2700173,1.2046646,1.1958734,1.236926,1.2977125,1.3122441,1.2439605,1.2537946,1.3679422,1.1504479,0.2312138,0.4353511,0.4504053,0.8437764,0.8907835,1.0332029,1.0780009,1.0126482,1.003857,1.0449096,1.1056961,1.1202277,1.0519441,1.0617782,1.1759258,0.9584315,0.3978165,0.4128707,0.8062418,0.8532489,0.9956683,1.0404663,0.9751136,0.9663224,1.007375,1.0681615,1.0826931,1.0144095,1.0242436,1.1383912,0.9208969,0.4028552,0.8671309,0.9141379,1.0565574,1.1013554,1.0360027,1.0272115,1.0682641,1.1290506,1.1435822,1.0752985,1.0851327,1.1992803,0.981786,0.8821851,0.9291921,1.0716116,1.1164096,1.0510569,1.0422657,1.0833183,1.1441048,1.1586364,1.0903527,1.1001868,1.2143345,0.9968402,0.3129181,0.9819279,1.0267259,0.9613732,0.952582,0.9936346,1.0544211,1.0689527,1.0006691,1.0105032,1.1246508,0.9071566,1.0289349,1.073733,1.0083803,0.999589,1.0406417,1.1014281,1.1159598,1.0476761,1.0575102,1.1716579,0.9541636,0.3503067,0.3414135,0.483829,0.634682,0.6954685,0.7100001,0.8020936,0.8119277,1.1383755,0.9208812,0.3862115,0.528627,0.67948,0.7402665,0.7547981,0.8468916,0.8567257,1.1831735,0.9656792,0.4632743,0.6141273,0.6749138,0.6894454,0.7815389,0.791373,1.1178208,0.9003265,0.6053361,0.6661226,0.6806542,0.7727477,0.7825818,1.1090296,0.8915353,0.2363826,0.2509142,0.8138003,0.8236344,1.1500822,0.9325879,0.2399459,0.8745867,0.8844208,1.2108687,0.9933744,0.8891184,0.8989525,1.2254003,1.007906,0.4226136,1.1571166,0.9396224,1.1669507,0.9494565,0.939724
tree30,1.10465,0.9033889,0.8655506,0.9286345,0.9340778,0.8528159,0.9060306,0.8666737,0.9089047,0.8479694,0.8347804,0.8844169,0.9426341,0.9558912,0.8804674,0.8996116,0.8922708,0.5618624,0.9513073,0.913469,0.9765529,0.9819962,1.0392924,1.092507,1.2341602,1.2763912,1.2154559,1.2022669,1.2519034,1.3101206,1.3233777,1.2479539,1.2670981,1.3784884,1.1522716,0.2295051,0.4365105,0.4419538,0.8380312,0.8912459,1.0328991,1.0751301,1.0141948,1.0010058,1.0506423,1.1088595,1.1221166,1.0466928,1.065837,1.1772273,0.9510105,0.3986723,0.4041155,0.800193,0.8534077,0.9950608,1.0372918,0.9763566,0.9631675,1.012804,1.0710212,1.0842784,1.0088545,1.0279987,1.139389,0.9131722,0.3984525,0.8632769,0.9164916,1.0581447,1.1003757,1.0394405,1.0262514,1.0758879,1.1341052,1.1473623,1.0719385,1.0910826,1.2024729,0.9762561,0.8687201,0.9219348,1.063588,1.105819,1.0448837,1.0316947,1.0813312,1.1395484,1.1528055,1.0773817,1.0965259,1.2079162,0.9816994,0.3065031,0.9823261,1.0245572,0.9636219,0.9504328,1.0000693,1.0582866,1.0715437,0.9961199,1.015264,1.1266543,0.9004375,1.0355408,1.0777718,1.0168365,1.0036475,1.053284,1.1115012,1.1247584,1.0493345,1.0684787,1.179869,0.9536522,0.3532993,0.3471886,0.483264,0.6376127,0.6958299,0.7090871,0.8016045,0.8207487,1.1405121,0.9142953,0.3894197,0.5254951,0.6798437,0.738061,0.7513181,0.8438355,0.8629797,1.1827431,0.9565263,0.4645598,0.6189085,0.6771257,0.6903828,0.7829002,0.8020444,1.1218078,0.895591,0.6057194,0.6639367,0.6771938,0.7697112,0.7888554,1.1086188,0.882402,0.2396919,0.252949,0.8193477,0.8384919,1.1582553,0.9320385,0.2408601,0.8775649,0.8967091,1.2164725,0.9902557,0.890822,0.9099662,1.2297296,1.0035128,0.4274521,1.1543058,0.928089,1.17345,0.9472332,0.9398924
tree31,1.1183695,0.9236442,0.893549,0.9549159,0.9664281,0.8784735,0.9268462,0.8822276,0.925959,0.8677708,0.8576393,0.9009401,0.9580486,0.9709738,0.9084231,0.9130522,0.9138104,0.5782021,0.9607007,0.9306056,0.9919724,1.0034846,1.0569842,1.1053569,1.2399,1.2836314,1.2254431,1.2153117,1.2586125,1.315721,1.3286461,1.2660954,1.2707246,1.3930964,1.1651493,0.2365086,0.4465893,0.4581015,0.8622589,0.9106316,1.0451746,1.088906,1.0307178,1.0205864,1.0638871,1.1209956,1.1339208,1.0713701,1.0759993,1.1983711,0.9704239,0.4164942,0.4280064,0.8321638,0.8805365,1.0150795,1.0588109,1.0006227,0.9904912,1.033792,1.0909005,1.1038257,1.041275,1.0459041,1.1682759,0.9403288,0.4170994,0.8935306,0.9419033,1.0764464,1.1201777,1.0619895,1.0518581,1.0951589,1.1522674,1.1651925,1.1026418,1.107271,1.2296428,1.0016956,0.9050428,0.9534156,1.0879586,1.13169,1.0735017,1.0633703,1.1066711,1.1637796,1.1767048,1.114154,1.1187832,1.241155,1.0132079,0.3146103,1.000004,1.0437353,0.9855471,0.9754157,1.0187164,1.075825,1.0887501,1.0261994,1.0308286,1.1532004,0.9252532,1.0483767,1.092108,1.0339198,1.0237884,1.0670892,1.1241977,1.1371228,1.0745721,1.0792013,1.2015731,0.9736259,0.3657494,0.3588928,0.5020276,0.6605391,0.7176476,0.7305728,0.8330165,0.8376457,1.1569545,0.9290074,0.4026242,0.545759,0.7042705,0.761379,0.7743041,0.8767479,0.8813771,1.2006859,0.9727387,0.4875707,0.6460822,0.7031907,0.7161159,0.8185597,0.8231888,1.1424977,0.9145505,0.6359508,0.6930593,0.7059845,0.8084282,0.8130574,1.1323662,0.9044191,0.2503129,0.2632381,0.851729,0.8563582,1.175667,0.9477198,0.2525895,0.9088375,0.9134667,1.2327755,1.0048283,0.9217627,0.9263919,1.2457007,1.0177535,0.447146,1.18315,0.9552028,1.1877791,0.959832,0.9605902
tree32,1.7667337,1.4819085,1.4296714,1.5284738,1.5359835,1.3785417,1.4552849,1.452463,1.5068439,1.4304344,1.3870872,1.4523092,1.5367744,1.5455344,1.4503366,1.4727331,1.4065621,0.9159215,1.5341336,1.4818965,1.5806989,1.5882087,1.6389711,1.7157142,2.0067118,2.0610927,1.9846832,1.941336,2.006558,2.0910232,2.0997832,2.0045854,2.0269819,2.1526147,1.8319694,0.3655557,0.693996,0.7015057,1.3541459,1.430889,1.7218866,1.7762675,1.699858,1.6565107,1.7217328,1.806198,1.814958,1.7197602,1.7421567,1.8677895,1.5471441,0.6417588,0.6492686,1.3019088,1.3786519,1.6696495,1.7240304,1.6476209,1.6042736,1.6694957,1.7539609,1.7627209,1.6675231,1.6899196,1.8155524,1.494907,0.6452028,1.4007111,1.4774543,1.7684519,1.8228328,1.7464233,1.703076,1.7682981,1.8527632,1.8615233,1.7663255,1.788722,1.9143548,1.5937094,1.4082209,1.4849641,1.7759617,1.8303425,1.753933,1.7105858,1.7758078,1.860273,1.869033,1.7738352,1.7962317,1.9218645,1.6012192,0.5039959,1.6185198,1.6729007,1.5964912,1.5531439,1.618366,1.7028311,1.7115912,1.6163934,1.6387899,1.7644227,1.4437773,1.695263,1.7496439,1.6732343,1.6298871,1.6951091,1.7795743,1.7883343,1.6931365,1.715533,1.8411659,1.5205205,0.5672201,0.577776,0.8169118,1.0610053,1.1454705,1.1542305,1.3322954,1.3546918,1.838344,1.5176987,0.6321569,0.8712926,1.1153862,1.1998514,1.2086114,1.3866762,1.4090727,1.8927249,1.5720795,0.7948831,1.0389767,1.1234419,1.1322019,1.3102667,1.3326632,1.8163154,1.49567,0.9956294,1.0800946,1.0888547,1.2669195,1.289316,1.7729681,1.4523228,0.4081691,0.4169291,1.3321415,1.354538,1.8381902,1.5175448,0.3924216,1.4166067,1.4390032,1.9226554,1.60201,1.4253667,1.4477632,1.9314154,1.61077,0.7075826,1.8362176,1.5155722,1.8586141,1.5379687,1.4717977
tree33,1.821134,1.4830179,1.4404558,1.5437997,1.542876,1.3742214,1.4572317,1.48331,1.5235668,1.4569146,1.4153332,1.4825187,1.5693217,1.5832903,1.4372746,1.4698181,1.4315017,0.9292435,1.5684625,1.5259005,1.6292443,1.6283206,1.6892508,1.7722611,2.0954625,2.1357193,2.0690671,2.0274857,2.0946712,2.1814743,2.1954428,2.0494272,2.0819706,2.2331805,1.909255,0.3381137,0.6865199,0.6855962,1.3511347,1.4341451,1.7573464,1.7976032,1.730951,1.6893696,1.7565551,1.8433582,1.8573268,1.7113111,1.7438545,1.8950644,1.5711389,0.6439578,0.6430341,1.3085726,1.391583,1.7147843,1.7550411,1.688389,1.6468075,1.7139931,1.8007961,1.8147647,1.668749,1.7012925,1.8525023,1.5285769,0.6335694,1.4119165,1.4949268,1.8181282,1.858385,1.7917328,1.7501514,1.8173369,1.9041399,1.9181085,1.7720928,1.8046363,1.9558461,1.6319207,1.4109928,1.4940031,1.8172045,1.8574613,1.7908091,1.7492277,1.8164132,1.9032163,1.9171849,1.7711692,1.8037126,1.9549225,1.630997,0.5026864,1.6485499,1.6888067,1.6221545,1.5805731,1.6477586,1.7345616,1.7485302,1.6025145,1.635058,1.7862678,1.4623424,1.7315602,1.771817,1.7051649,1.6635834,1.730769,1.817572,1.8315406,1.6855249,1.7180683,1.8692782,1.5453527,0.5502936,0.572557,0.829367,1.089732,1.1765351,1.1905037,1.3335503,1.3660937,1.8953565,1.571431,0.6128138,0.8696238,1.1299888,1.2167918,1.2307604,1.373807,1.4063505,1.9356132,1.6116878,0.8029717,1.0633367,1.1501397,1.1641083,1.3071549,1.3396983,1.8689611,1.5450356,1.0217552,1.1085582,1.1225268,1.2655734,1.2981169,1.8273796,1.5034542,0.4045476,0.4185162,1.332759,1.3653024,1.8945652,1.5706397,0.3903163,1.419562,1.4521055,1.9813682,1.6574428,1.4335306,1.4660741,1.9953368,1.6714113,0.6976883,1.8493211,1.5253957,1.8818646,1.5579391,1.5196228
tree34,1.1317302,0.9208638,0.883036,0.9462181,0.9564987,0.8663695,0.9244717,0.8776131,0.9207699,0.8576702,0.8431738,0.8958332,0.9554495,0.9733449,0.8808935,0.9098026,0.9001522,0.5655481,0.9735953,0.9357676,0.9989497,1.0092303,1.0681523,1.1262545,1.2694008,1.3125577,1.2494579,1.2349616,1.2876209,1.3472373,1.3651326,1.2726813,1.3015904,1.411505,1.186485,0.2307449,0.4460035,0.4562841,0.8572859,0.9153881,1.0585344,1.1016912,1.0385915,1.0240951,1.0767544,1.1363708,1.1542662,1.0618148,1.0907239,1.2006385,0.9756185,0.4081757,0.4184563,0.8194581,0.8775603,1.0207067,1.0638635,1.0007637,0.9862674,1.0389267,1.0985431,1.1164385,1.0239871,1.0528962,1.1628108,0.9377908,0.409838,0.8826402,0.9407424,1.0838887,1.1270456,1.0639458,1.0494494,1.1021088,1.1617251,1.1796205,1.0871692,1.1160783,1.2259929,1.0009729,0.8929208,0.951023,1.0941693,1.1373262,1.0742264,1.05973,1.1123894,1.1720057,1.1899011,1.0974498,1.1263589,1.2362734,1.0112535,0.312714,1.0040402,1.047197,0.9840972,0.9696009,1.0222602,1.0818766,1.099772,1.0073206,1.0362297,1.1461443,0.9211243,1.0621424,1.1052992,1.0421994,1.0277031,1.0803624,1.1399788,1.1578742,1.0654228,1.0943319,1.2042465,0.9792265,0.3553184,0.3444661,0.4873942,0.6447091,0.7043254,0.7222208,0.8056054,0.8345145,1.1573879,0.9323679,0.3876229,0.5305511,0.6878659,0.7474823,0.7653776,0.8487623,0.8776714,1.2005447,0.9755247,0.4674513,0.6247661,0.6843825,0.7022779,0.7856625,0.8145716,1.1374449,0.9124249,0.6102698,0.6698861,0.6877815,0.7711661,0.8000752,1.1229486,0.8979286,0.237492,0.2553874,0.8238255,0.8527346,1.1756079,0.9505879,0.2447753,0.8834418,0.9123509,1.2352243,1.0102043,0.9013372,0.9302463,1.2531196,1.0280997,0.431577,1.1606683,0.9356483,1.1895774,0.9645574,0.954907
tree35,1.1622131,0.9564014,0.9290255,0.989808,1.0082496,0.9071032,0.9552707,0.9068454,0.9505114,0.8920413,0.8776551,0.9199433,0.978036,0.9985993,0.911049,0.9299561,0.9368613,0.595227,1.0001031,0.9727272,1.0335097,1.0519513,1.1038888,1.1520562,1.2946162,1.3382822,1.2798121,1.2654259,1.3077141,1.3658067,1.38637,1.2988198,1.3177269,1.4482358,1.2183604,0.2421018,0.4617818,0.4802234,0.8980771,0.9462445,1.0888045,1.1324705,1.0740004,1.0596142,1.1019024,1.159995,1.1805583,1.0930081,1.1119152,1.2424241,1.0125487,0.4344059,0.4528475,0.8707012,0.9188686,1.0614285,1.1050945,1.0466244,1.0322383,1.0745264,1.1326191,1.1531824,1.0656321,1.0845392,1.2150482,0.9851727,0.4360649,0.9314837,0.9796511,1.122211,1.165877,1.107407,1.0930208,1.1353089,1.1934016,1.2139649,1.1264147,1.1453217,1.2758307,1.0459553,0.9499253,0.9980927,1.1406526,1.1843186,1.1258486,1.1114624,1.1537506,1.2118432,1.2324065,1.1448563,1.1637634,1.2942723,1.0643969,0.3234434,1.0395063,1.0831723,1.0247022,1.010316,1.0526042,1.1106968,1.1312601,1.0437099,1.062617,1.1931259,0.9632505,1.0876737,1.1313397,1.0728696,1.0584834,1.1007716,1.1588643,1.1794276,1.0918773,1.1107844,1.2412933,1.0114179,0.3747868,0.364217,0.5153789,0.6775728,0.7356654,0.7562287,0.8427016,0.8616087,1.1928681,0.9629927,0.407883,0.5590449,0.7212388,0.7793314,0.7998947,0.8863676,0.9052747,1.2365341,1.0066587,0.5005748,0.6627687,0.7208614,0.7414247,0.8278975,0.8468046,1.178064,0.9481886,0.6483825,0.7064752,0.7270385,0.8135113,0.8324184,1.1636778,0.9338024,0.2515471,0.2721104,0.8557995,0.8747066,1.205966,0.9760906,0.2606241,0.9138922,0.9327992,1.2640586,1.0341832,0.9344555,0.9533625,1.284622,1.0547465,0.4460574,1.1970717,0.9671963,1.2159788,0.9861034,0.9930086
tree36,1.1157214,0.9351127,0.9132051,0.9772696,0.9903845,0.8796356,0.9340708,0.9065791,0.9479833,0.8932731,0.8784466,0.9072035,0.9508084,0.9733411,0.9116922,0.9277501,0.9031109,0.5877608,0.9297486,0.907841,0.9719055,0.9850204,1.0353189,1.0897541,1.2499407,1.2913449,1.2366347,1.2218082,1.2505651,1.29417,1.3167027,1.2550538,1.2711117,1.3732143,1.1714378,0.2227434,0.4379071,0.451022,0.8547103,0.9091454,1.069332,1.1107363,1.056026,1.0411995,1.0699564,1.1135613,1.136094,1.0744451,1.090503,1.1926056,0.9908292,0.4159995,0.4291144,0.8328026,0.8872378,1.0474244,1.0888286,1.0341184,1.0192919,1.0480488,1.0916537,1.1141864,1.0525375,1.0685954,1.170698,0.9689216,0.4183624,0.8968671,0.9513023,1.1114889,1.1528931,1.0981829,1.0833564,1.1121132,1.1557182,1.1782509,1.116602,1.1326599,1.2347624,1.032986,0.909982,0.9644172,1.1246037,1.166008,1.1112977,1.0964712,1.1252281,1.168833,1.1913658,1.1297168,1.1457748,1.2478773,1.0461009,0.3260477,1.0138549,1.0552592,1.0005489,0.9857224,1.0144793,1.0580842,1.080617,1.018968,1.035026,1.1371285,0.9353521,1.0682901,1.1096944,1.0549841,1.0401576,1.0689145,1.1125194,1.1350522,1.0734032,1.0894612,1.1915637,0.9897873,0.3540893,0.3461186,0.5021161,0.655219,0.6988239,0.7213567,0.837312,0.85337,1.1640719,0.9622955,0.3875228,0.5435204,0.6966233,0.7402282,0.7627609,0.8787163,0.8947742,1.2054762,1.0036998,0.4888101,0.641913,0.6855179,0.7080507,0.824006,0.840064,1.1507659,0.9489895,0.6270865,0.6706914,0.6932242,0.8091795,0.8252374,1.1359394,0.934163,0.2405212,0.263054,0.8379364,0.8539943,1.1646963,0.9629199,0.2402499,0.8815413,0.8975993,1.2083012,1.0065248,0.9040741,0.920132,1.230834,1.0290576,0.4770623,1.169185,0.9674086,1.185243,0.9834666,0.9588273
tree37,1.1527486,0.9263456,0.9007524,0.9638112,0.976383,0.8760292,0.9257513,0.8892375,0.9320623,0.8839698,0.8588583,0.9113664,0.9638103,0.9785452,0.881298,0.9085525,0.9248414,0.5913213,0.9631635,0.9375703,1.0006291,1.0132009,1.0796242,1.1293463,1.2838651,1.32669,1.2785974,1.253486,1.3059941,1.3584379,1.3731728,1.2759256,1.3031801,1.4377128,1.2177378,0.2135725,0.4241586,0.4367304,0.8532212,0.9029433,1.0574621,1.1002869,1.0521944,1.0270829,1.079591,1.1320348,1.1467698,1.0495226,1.0767771,1.2113098,0.9913348,0.3985654,0.4111372,0.827628,0.8773501,1.0318689,1.0746937,1.0266012,1.0014898,1.0539978,1.1064417,1.1211766,1.0239294,1.0511839,1.1857166,0.9657416,0.4057477,0.8906868,0.9404089,1.0949277,1.1377525,1.08966,1.0645486,1.1170566,1.1695005,1.1842354,1.0869882,1.1142427,1.2487754,1.0288004,0.9032585,0.9529806,1.1074995,1.1503243,1.1022318,1.0771203,1.1296284,1.1820722,1.1968072,1.09956,1.1268145,1.2613472,1.0413722,0.3096118,1.0071457,1.0499705,1.001878,0.9767665,1.0292746,1.0817184,1.0964534,0.9992062,1.0264607,1.1609933,0.9410184,1.0568678,1.0996926,1.0516001,1.0264886,1.0789967,1.1314405,1.1461755,1.0489283,1.0761828,1.2107154,0.9907405,0.3526211,0.3568079,0.4876306,0.6658341,0.7182779,0.7330129,0.8137671,0.8410216,1.1742017,0.9542267,0.3996328,0.5304554,0.708659,0.7611028,0.7758377,0.856592,0.8838465,1.2170265,0.9970515,0.4823629,0.6605665,0.7130103,0.7277452,0.8084995,0.8357539,1.168934,0.948959,0.635455,0.6878988,0.7026337,0.783388,0.8106425,1.1438225,0.9238476,0.2468076,0.2615425,0.8358961,0.8631506,1.1963306,0.9763556,0.248493,0.8883399,0.9155944,1.2487744,1.0287995,0.9030748,0.9303293,1.2635094,1.0435344,0.4549458,1.1662622,0.9462872,1.1935167,0.9735417,0.9898306
tree38,1.8392759,1.6152206,1.554964,1.6936954,1.6886906,1.4708183,1.5628762,1.5755033,1.6390568,1.5534639,1.490285,1.5504874,1.6299653,1.65629,1.5578143,1.6033051,1.4705875,0.9286014,1.5736075,1.5133509,1.6520823,1.6470776,1.6768531,1.768911,2.1330101,2.1965636,2.1109707,2.0477918,2.1079942,2.1874721,2.2137968,2.1153211,2.1608119,2.2437383,1.8936143,0.3897009,0.7758351,0.7708304,1.4527977,1.5448556,1.9089547,1.9725082,1.8869154,1.8237365,1.8839388,1.9634168,1.9897414,1.8912657,1.9367566,2.019683,1.669559,0.7155785,0.7105738,1.3925411,1.4845991,1.8486982,1.9122517,1.8266588,1.7634799,1.8236823,1.9031602,1.9294849,1.8310092,1.8765,1.9594264,1.6093024,0.7284139,1.5312725,1.6233304,1.9874295,2.050983,1.9653902,1.9022113,1.9624136,2.0418916,2.0682162,1.9697405,2.0152314,2.0981578,1.7480338,1.5262678,1.6183257,1.9824248,2.0459783,1.9603854,1.8972065,1.9574089,2.0368868,2.0632115,1.9647358,2.0102266,2.093153,1.743029,0.541763,1.7645524,1.8281059,1.7425131,1.6793342,1.7395365,1.8190145,1.8453391,1.7468634,1.7923543,1.8752807,1.5251567,1.8566104,1.9201639,1.834571,1.7713921,1.8315945,1.9110724,1.9373971,1.8389214,1.8844122,1.9673386,1.6172146,0.5944011,0.5940938,0.8525916,1.1218691,1.201347,1.2276717,1.4558532,1.5013441,1.9799657,1.6298417,0.6576473,0.9161451,1.1854226,1.2649005,1.2912252,1.5194067,1.5648975,2.0435192,1.6933952,0.8305522,1.0998298,1.1793077,1.2056323,1.4338138,1.4793047,1.9579263,1.6078023,1.0366509,1.1161288,1.1424534,1.3706349,1.4161258,1.8947474,1.5446234,0.4014863,0.427811,1.4308373,1.4763282,1.9549498,1.6048258,0.397184,1.5103152,1.5558061,2.0344277,1.6843037,1.5366399,1.5821307,2.0607524,1.7106284,0.7762702,1.9622767,1.6121527,2.0077675,1.6576435,1.524926
tree39,1.4211124,1.1424192,1.110057,1.1800208,1.2021321,1.0766115,1.1486454,1.1227637,1.1571274,1.100184,1.0790651,1.1236634,1.1901258,1.2103021,1.0983301,1.1219276,1.1400876,0.7203966,1.2057734,1.1734112,1.243375,1.2654862,1.3190427,1.3910766,1.5929443,1.627308,1.5703645,1.5492456,1.5938439,1.6603064,1.6804826,1.5685107,1.5921081,1.7541658,1.4846916,0.2560336,0.5110134,0.5331246,1.0403495,1.1123834,1.3142511,1.3486148,1.2916713,1.2705524,1.3151507,1.3816132,1.4017894,1.2898175,1.3134149,1.4754726,1.2059984,0.4786512,0.5007624,1.0079873,1.0800212,1.2818888,1.3162526,1.2593091,1.2381902,1.2827885,1.3492509,1.3694272,1.2574552,1.2810527,1.4431103,1.1736362,0.4882554,1.0779511,1.149985,1.3518527,1.3862164,1.3292729,1.308154,1.3527523,1.4192148,1.439391,1.3274191,1.3510166,1.5130742,1.2436,1.1000623,1.1720963,1.3739639,1.4083276,1.3513842,1.3302653,1.3748636,1.441326,1.4615023,1.3495303,1.3731278,1.5351854,1.2657112,0.3910834,1.2484433,1.282807,1.2258635,1.2047447,1.249343,1.3158054,1.3359816,1.2240097,1.2476072,1.4096648,1.1401906,1.3204772,1.3548409,1.2978975,1.2767786,1.3213769,1.3878393,1.4080156,1.2960436,1.3196411,1.4816987,1.2122245,0.4184071,0.4301868,0.6088795,0.7942298,0.8606922,0.8808684,0.990333,1.0139305,1.4558171,1.1863429,0.4645505,0.6432432,0.8285935,0.8950559,0.9152322,1.0246967,1.0482942,1.4901808,1.2207066,0.5862998,0.77165,0.8381125,0.8582887,0.9677532,0.9913507,1.4332373,1.1637631,0.7505311,0.8169936,0.8371698,0.9466343,0.9702318,1.4121184,1.1426443,0.3040186,0.3241948,0.9912326,1.0148301,1.4567167,1.1872426,0.3035511,1.0576951,1.0812926,1.5231792,1.253705,1.0778713,1.1014688,1.5433554,1.2738812,0.5265509,1.4313835,1.1619093,1.4549809,1.1855068,1.2036668
tree40,1.8493764,1.4987108,1.4559942,1.5530344,1.5663895,1.385035,1.4717243,1.4866342,1.530268,1.4686614,1.4220279,1.4865067,1.5722839,1.5829223,1.4435343,1.4825859,1.4339752,0.938968,1.5803032,1.5375866,1.6346268,1.6479819,1.7044351,1.7911244,2.1100414,2.1536752,2.0920685,2.0454351,2.1099138,2.195691,2.2063294,2.0669415,2.105993,2.2522353,1.9367959,0.3416025,0.6800974,0.6934526,1.3537695,1.4404588,1.7593758,1.8030096,1.7414029,1.6947695,1.7592482,1.8450254,1.8556638,1.7162759,1.7553274,1.9015698,1.5861304,0.6373808,0.650736,1.3110529,1.3977423,1.7166592,1.760293,1.6986864,1.6520529,1.7165316,1.8023088,1.8129473,1.6735593,1.7126108,1.8588532,1.5434138,0.6427222,1.408093,1.4947824,1.8136993,1.8573331,1.7957265,1.749093,1.8135718,1.899349,1.9099874,1.7705994,1.809651,1.9558933,1.6404539,1.4214482,1.5081375,1.8270545,1.8706883,1.8090817,1.7624482,1.8269269,1.9127041,1.9233426,1.7839546,1.8230061,1.9692485,1.6538091,0.512976,1.6456999,1.6893337,1.6277271,1.5810936,1.6455724,1.7313495,1.741988,1.6026,1.6416516,1.7878939,1.4724545,1.7323893,1.7760231,1.7144165,1.667783,1.7322617,1.8180389,1.8286774,1.6892894,1.7283409,1.8745833,1.5591439,0.5527683,0.5753928,0.8309033,1.0822835,1.1680607,1.1786992,1.3320299,1.3710814,1.8894932,1.5740538,0.6190266,0.8745372,1.1259174,1.2116945,1.222333,1.3756637,1.4147152,1.933127,1.6176876,0.8129305,1.0643107,1.1500879,1.1607264,1.3140571,1.3531086,1.8715203,1.5560809,1.0176772,1.1034544,1.1140929,1.2674236,1.3064751,1.8248869,1.5094475,0.4164311,0.4270695,1.3319023,1.3709538,1.8893656,1.5739262,0.3999956,1.4176795,1.456731,1.9751428,1.6597034,1.428318,1.4673695,1.9857812,1.6703418,0.7142913,1.8463933,1.5309539,1.8854448,1.5700054,1.5213947
tree41,1.3723858,1.1615183,1.1286319,1.203664,1.2248461,1.0907565,1.1645187,1.1435237,1.1691972,1.1151753,1.0952057,1.1245615,1.1769481,1.2054312,1.1274654,1.15121,1.1225346,0.7171495,1.1504958,1.1176095,1.1926415,1.2138236,1.2576089,1.331371,1.5546793,1.5803527,1.5263309,1.5063612,1.535717,1.5881036,1.6165867,1.538621,1.5623655,1.6832493,1.4223576,0.2681744,0.5242865,0.5454686,1.0467414,1.1205035,1.3438118,1.3694852,1.3154634,1.2954937,1.3248495,1.3772361,1.4057192,1.3277535,1.351498,1.4723818,1.2114901,0.4914001,0.5125822,1.013855,1.0876171,1.3109254,1.3365988,1.282577,1.2626073,1.2919631,1.3443497,1.3728328,1.2948671,1.3186116,1.4394954,1.1786037,0.5074504,1.088887,1.1626492,1.3859574,1.4116309,1.357609,1.3376393,1.3669951,1.4193818,1.4478648,1.3698991,1.3936437,1.5145274,1.2536357,1.1100691,1.1838313,1.4071395,1.432813,1.3787911,1.3588215,1.3881772,1.4405639,1.4690469,1.3910812,1.4148258,1.5357095,1.2748178,0.4102523,1.27305,1.2987234,1.2447016,1.2247319,1.2540877,1.3064743,1.3349574,1.2569917,1.2807362,1.40162,1.1407283,1.3468121,1.3724856,1.3184638,1.2984941,1.3278499,1.3802365,1.4087196,1.3307538,1.3544984,1.4753821,1.2144905,0.4174213,0.4233186,0.6093504,0.7863699,0.8387566,0.8672396,1.0171305,1.0408751,1.4543871,1.1934955,0.4489921,0.6350238,0.8120434,0.86443,0.8929131,1.0428039,1.0665485,1.4800606,1.2191689,0.581002,0.7580216,0.8104082,0.8388913,0.9887821,1.0125267,1.4260388,1.1651471,0.7380519,0.7904385,0.8189216,0.9688124,0.992557,1.4060691,1.1451774,0.2916141,0.3200971,0.9981682,1.0219128,1.4354249,1.1745332,0.2910465,1.0505548,1.0742994,1.4878115,1.2269199,1.0790379,1.1027825,1.5162946,1.2554029,0.5693594,1.4383289,1.1774372,1.4620734,1.2011818,1.1725064
tree42,1.224002,0.9704893,0.9460696,1.0019176,1.0178162,0.9107606,0.9635806,0.9178387,0.9584085,0.9070205,0.881444,0.9130653,0.970098,0.9901177,0.8925017,0.9141803,0.9625234,0.6230708,1.0237734,0.9993538,1.0552018,1.0711003,1.1395052,1.1923252,1.3540404,1.3946102,1.3432222,1.3176457,1.349267,1.4062997,1.4263195,1.3287034,1.350382,1.5303751,1.2974113,0.2185686,0.4241297,0.4400283,0.8859924,0.9388124,1.1005276,1.1410975,1.0897095,1.0641329,1.0957542,1.1527869,1.1728067,1.0751906,1.0968692,1.2768624,1.0438985,0.3997101,0.4156086,0.8615728,0.9143928,1.0761079,1.1166778,1.0652898,1.0397133,1.0713346,1.1283673,1.148387,1.0507709,1.0724495,1.2524427,1.0194789,0.3987521,0.9174208,0.9702408,1.131956,1.1725258,1.1211378,1.0955613,1.1271826,1.1842153,1.204235,1.106619,1.1282976,1.3082907,1.0753269,0.9333194,0.9861394,1.1478545,1.1884244,1.1370364,1.1114599,1.1430812,1.2001138,1.2201336,1.1225175,1.1441961,1.3241893,1.0912254,0.3222965,1.0407989,1.0813687,1.0299808,1.0044042,1.0360255,1.0930582,1.113078,1.0154619,1.0371405,1.2171337,0.9841698,1.0936189,1.1341887,1.0828007,1.0572242,1.0888455,1.1458782,1.165898,1.0682819,1.0899605,1.2699536,1.0369898,0.3602772,0.3600104,0.5036097,0.675494,0.7325267,0.7525464,0.8350214,0.8567,1.2242117,0.9912479,0.4005803,0.5441795,0.7160639,0.7730966,0.7931163,0.8755913,0.8972698,1.2647816,1.0318178,0.4927915,0.6646759,0.7217086,0.7417283,0.8242033,0.8458819,1.2133936,0.9804298,0.6390994,0.696132,0.7161518,0.7986267,0.8203053,1.1878171,0.9548533,0.2660807,0.2861005,0.8302481,0.8519266,1.2194384,0.9864746,0.2645122,0.8872807,0.9089593,1.2764711,1.0435072,0.9073005,0.9289791,1.2964908,1.063527,0.4377926,1.1988748,0.9659109,1.2205533,0.9875895,1.0359326
tree43,1.4757854,1.1802198,1.1481085,1.2178421,1.2462407,1.108108,1.1811967,1.1704736,1.1952911,1.139124,1.1191324,1.1610194,1.2347844,1.2538332,1.1401006,1.1600506,1.1741797,0.751836,1.2569947,1.2248833,1.294617,1.3230156,1.3631823,1.436271,1.6654367,1.6902542,1.6340871,1.6140955,1.6559825,1.7297475,1.7487963,1.6350637,1.6550137,1.8228296,1.5517904,0.2633489,0.531949,0.5603476,1.0676167,1.1407054,1.3698711,1.3946886,1.3385215,1.3185299,1.3604169,1.4341819,1.4532307,1.3394981,1.3594481,1.527264,1.2562247,0.4998376,0.5282362,1.0355053,1.108594,1.3377597,1.3625773,1.3064102,1.2864185,1.3283055,1.4020706,1.4211193,1.3073868,1.3273368,1.4951527,1.2241134,0.5107534,1.105239,1.1783277,1.4074934,1.4323109,1.3761438,1.3561522,1.3980392,1.4718042,1.490853,1.3771204,1.3970704,1.5648863,1.2938471,1.1336376,1.2067263,1.435892,1.4607095,1.4045424,1.3845508,1.4264378,1.5002028,1.5192516,1.405519,1.425469,1.5932849,1.3222457,0.4051143,1.2977593,1.3225768,1.2664097,1.2464181,1.2883051,1.3620701,1.3811189,1.2673863,1.2873363,1.4551522,1.1841129,1.370848,1.3956655,1.3394984,1.3195068,1.3613938,1.4351588,1.4542076,1.340475,1.360425,1.5282409,1.2572016,0.4338284,0.4440192,0.6425661,0.8353825,0.9091475,0.9281963,1.0363296,1.0562796,1.5175178,1.2464785,0.4688367,0.6673836,0.8602,0.9339651,0.9530138,1.0611471,1.0810971,1.5423353,1.271296,0.6112165,0.8040329,0.877798,0.8968467,1.00498,1.02493,1.4861682,1.2151289,0.7840413,0.8578063,0.8768551,0.9849884,1.0049384,1.4661766,1.1951373,0.3108281,0.3298769,1.0268754,1.0468254,1.5080636,1.2370243,0.3132024,1.1006404,1.1205904,1.5818286,1.3107893,1.1196892,1.1396392,1.6008774,1.3298381,0.5329693,1.4871448,1.2161055,1.5070948,1.2360555,1.2501847
tree44,1.8038765,1.4406613,1.4012298,1.4997775,1.5130595,1.3699699,1.444383,1.443805,1.4840476,1.4215831,1.380916,1.4423507,1.5297441,1.5342299,1.410927,1.4526176,1.4092375,0.9221725,1.5225402,1.4831087,1.5816564,1.5949384,1.6756744,1.7500875,2.0528075,2.0930501,2.0305856,1.9899185,2.0513531,2.1387465,2.1432324,2.0199294,2.0616201,2.2106128,1.8983624,0.3328758,0.6610451,0.6743271,1.3124592,1.3868723,1.6895923,1.7298349,1.6673704,1.6267033,1.688138,1.7755314,1.7800172,1.6567143,1.6984049,1.8473976,1.5351472,0.6216136,0.6348956,1.2730277,1.3474408,1.6501608,1.6904034,1.6279389,1.5872718,1.6487064,1.7360998,1.7405857,1.6172828,1.6589734,1.8079661,1.4957157,0.627106,1.3715754,1.4459885,1.7487085,1.7889511,1.7264866,1.6858195,1.7472541,1.8346475,1.8391334,1.7158304,1.7575211,1.9065138,1.5942634,1.3848574,1.4592705,1.7619905,1.8022331,1.7397686,1.6991015,1.7605361,1.8479295,1.8524154,1.7291125,1.7708031,1.9197958,1.6075454,0.4968431,1.6189008,1.6591435,1.596679,1.5560119,1.6174465,1.7048399,1.7093258,1.5860228,1.6277135,1.7767062,1.4644558,1.6933139,1.7335566,1.671092,1.6304249,1.6918596,1.779253,1.7837389,1.6604359,1.7021265,1.8511192,1.5388688,0.5427917,0.563967,0.8124156,1.0594324,1.1468258,1.1513117,1.3009925,1.3426831,1.8505413,1.5382909,0.6042097,0.8526583,1.099675,1.1870684,1.1915543,1.3412351,1.3829257,1.8907839,1.5785335,0.7901937,1.0372105,1.1246039,1.1290898,1.2787706,1.3204612,1.8283194,1.516069,0.9965434,1.0839368,1.0884227,1.2381035,1.2797941,1.7876523,1.4754019,0.4101426,0.4146284,1.2995381,1.3412288,1.849087,1.5368366,0.3912431,1.3869315,1.4286222,1.9364804,1.62423,1.3914174,1.433108,1.9409662,1.6287158,0.7034652,1.8176633,1.5054129,1.8593539,1.5471035,1.5037234
tree45,1.3347501,1.1609253,1.1145258,1.1933589,1.2106001,1.0786803,1.1511881,1.1091378,1.1527491,1.0809195,1.0556806,1.0976362,1.1520524,1.1824673,1.1215965,1.1482285,1.1048324,0.6871312,1.1326704,1.0862709,1.165104,1.1823452,1.2229357,1.2954435,1.5055109,1.5491222,1.4772926,1.4520538,1.4940093,1.5484255,1.5788404,1.5179697,1.5446017,1.6489606,1.3795142,0.2926543,0.5515257,0.5687669,1.0491108,1.1216186,1.331686,1.3752974,1.3034677,1.2782289,1.3201845,1.3746007,1.4050156,1.3441448,1.3707768,1.4751357,1.2056894,0.5051262,0.5223674,1.0027113,1.0752191,1.2852866,1.3288979,1.2570683,1.2318294,1.273785,1.3282012,1.3586161,1.2977453,1.3243773,1.4287362,1.1592899,0.5198742,1.0815444,1.1540523,1.3641197,1.407731,1.3359014,1.3106626,1.3526181,1.4070343,1.4374492,1.3765784,1.4032105,1.5075693,1.238123,1.0987856,1.1712935,1.3813609,1.4249722,1.3531426,1.3279038,1.3698593,1.4242755,1.4546904,1.3938196,1.4204517,1.5248105,1.2553642,0.3985999,1.249441,1.2930524,1.2212227,1.1959839,1.2379395,1.2923557,1.3227706,1.2618998,1.2885318,1.3928907,1.1234444,1.3219489,1.3655602,1.2937306,1.2684917,1.3104473,1.3648635,1.3952784,1.3344076,1.3610396,1.4653985,1.1959522,0.436274,0.422143,0.5938689,0.7741041,0.8285203,0.8589352,1.0219015,1.0485336,1.4233482,1.1539019,0.4657543,0.6374803,0.8177154,0.8721316,0.9025465,1.0655129,1.0921449,1.4669595,1.1975132,0.5656506,0.7458858,0.800302,0.8307169,0.9936832,1.0203153,1.3951299,1.1256836,0.720647,0.7750632,0.8054781,0.9684444,0.9950764,1.3698911,1.1004447,0.2739387,0.3043536,1.0104,1.037032,1.4118466,1.1424003,0.2826355,1.0648162,1.0914482,1.4662628,1.1968165,1.0952311,1.1218631,1.4966777,1.2272314,0.5600112,1.435807,1.1663606,1.462439,1.1929926,1.1495965
tree46,1.1768534,0.9303225,0.9046808,0.9603993,0.9866748,0.8722424,0.9245801,0.9083578,0.9419232,0.889274,0.8787627,0.9118038,0.9727118,0.9950733,0.8830098,0.9122235,0.9280497,0.592904,0.9958655,0.9702239,1.0259423,1.0522178,1.0924459,1.1447836,1.3153866,1.348952,1.2963028,1.2857915,1.3188326,1.3797406,1.4021021,1.2900386,1.3192522,1.4612981,1.242222,0.2137335,0.425495,0.4517705,0.8459149,0.8982526,1.0688557,1.102421,1.0497718,1.0392605,1.0723017,1.1332096,1.1555711,1.0435076,1.0727213,1.2147672,0.9956911,0.3998534,0.4261288,0.8202733,0.872611,1.043214,1.0767794,1.0241301,1.0136188,1.04666,1.107568,1.1299295,1.017866,1.0470796,1.1891255,0.9700494,0.4076066,0.8759918,0.9283294,1.0989325,1.1324978,1.0798486,1.0693373,1.1023785,1.1632864,1.185648,1.0735845,1.1027981,1.244844,1.0257679,0.9022672,0.9546049,1.125208,1.1587733,1.1061241,1.0956128,1.128654,1.1895619,1.2119234,1.0998599,1.1290736,1.2711195,1.0520434,0.3174612,1.0107756,1.044341,0.9916918,0.9811805,1.0142216,1.0751296,1.0974911,0.9854276,1.0146413,1.1566872,0.9376111,1.0631133,1.0966787,1.0440295,1.0335182,1.0665593,1.1274673,1.1498288,1.0377653,1.066979,1.2090249,0.9899488,0.3417537,0.342588,0.4975035,0.6494759,0.7103839,0.7327454,0.7967643,0.825978,1.1928026,0.9737265,0.3761534,0.5310689,0.6830413,0.7439492,0.7663107,0.8303297,0.8595433,1.2263679,1.0072918,0.4784196,0.630392,0.6913,0.7136615,0.7776804,0.8068941,1.1737187,0.9546426,0.6198807,0.6807887,0.7031502,0.7671692,0.7963828,1.1632074,0.9441313,0.2388943,0.2612558,0.8002103,0.829424,1.1962486,0.9771725,0.2459875,0.8611183,0.8903319,1.2571565,1.0380804,0.8834798,0.9126934,1.279518,1.0604419,0.4168589,1.1674545,0.9483784,1.1966682,0.9775921,0.9934183
tree47,1.1506931,0.9080846,0.8803163,0.934299,0.9546812,0.8534194,0.911737,0.8816961,0.9199818,0.8613648,0.8575199,0.8979671,0.9567452,0.9713694,0.8702015,0.8944557,0.9017497,0.5819023,0.9688389,0.9410705,0.9950532,1.0154354,1.067043,1.1253607,1.2814554,1.3197411,1.2611241,1.2572792,1.2977265,1.3565046,1.3711288,1.2699609,1.294215,1.4247846,1.2158739,0.208836,0.4152979,0.4356801,0.8244345,0.8827522,1.038847,1.0771327,1.0185157,1.0146708,1.0551181,1.1138961,1.1285203,1.0273524,1.0516066,1.1821761,0.9732655,0.3875296,0.4079117,0.7966662,0.8549839,1.0110786,1.0493643,0.9907473,0.9869024,1.0273497,1.0861278,1.100752,0.9995841,1.0238382,1.1544078,0.9454972,0.3911233,0.8506489,0.9089666,1.0650613,1.1033471,1.0447301,1.0408852,1.0813324,1.1401105,1.1547347,1.0535668,1.0778209,1.2083905,0.9994799,0.871031,0.9293487,1.0854435,1.1237292,1.0651122,1.0612673,1.1017146,1.1604926,1.1751168,1.0739489,1.0982031,1.2287726,1.019862,0.312667,0.9841817,1.0224674,0.9638504,0.9600055,1.0004528,1.0592308,1.073855,0.9726871,0.9969413,1.1275108,0.9186002,1.0424994,1.0807851,1.0221681,1.0183232,1.0587704,1.1175485,1.1321727,1.0310048,1.055259,1.1858285,0.9769179,0.3356282,0.3295247,0.4860832,0.6410401,0.6998181,0.7144423,0.7864659,0.8107201,1.1557875,0.9468769,0.3678104,0.5243689,0.6793258,0.7381038,0.752728,0.8247517,0.8490058,1.1940732,0.9851626,0.4657519,0.6207088,0.6794868,0.694111,0.7661347,0.7903888,1.1354563,0.9265456,0.6168639,0.6756419,0.6902661,0.7622898,0.7865439,1.1316113,0.9227007,0.2464669,0.2610911,0.802737,0.8269912,1.1720586,0.963148,0.2445534,0.8615151,0.8857692,1.2308367,1.021926,0.8761393,0.9003934,1.2454609,1.0365502,0.4278271,1.144293,0.9353824,1.1685471,0.9596365,0.9669306
tree48,1.1553432,0.9157935,0.8920606,0.9456994,0.9671943,0.8660333,0.9156272,0.8946133,0.9315756,0.8746268,0.862801,0.8997273,0.9596514,0.9775896,0.8627191,0.8972831,0.9159893,0.5944313,0.985922,0.9621891,1.0158279,1.0373228,1.0853132,1.1349071,1.3012218,1.3381841,1.2812352,1.2694095,1.3063358,1.3662599,1.384198,1.2693276,1.3038915,1.4455153,1.2293299,0.2109625,0.4221515,0.4436463,0.8457636,0.8953575,1.0616721,1.0986345,1.0416856,1.0298599,1.0667861,1.1267103,1.1446484,1.029778,1.0643419,1.2059656,0.9897803,0.3984186,0.4199134,0.8220306,0.8716246,1.0379392,1.0749015,1.0179527,1.0061269,1.0430532,1.1029774,1.1209155,1.0060451,1.040609,1.1822327,0.9660474,0.4011294,0.8756695,0.9252634,1.091578,1.1285404,1.0715915,1.0597658,1.0966921,1.1566162,1.1745543,1.0596839,1.0942478,1.2358716,1.0196862,0.8971643,0.9467582,1.1130729,1.1500352,1.0930863,1.0812606,1.1181869,1.178111,1.1960492,1.0811787,1.1157426,1.2573664,1.0411811,0.3141437,1.0119119,1.0488742,0.9919253,0.9800996,1.0170259,1.07695,1.0948881,0.9800177,1.0145816,1.1562054,0.94002,1.0615058,1.0984682,1.0415193,1.0296935,1.0666198,1.126544,1.1444821,1.0296117,1.0641756,1.2057993,0.989614,0.344766,0.3408761,0.4953059,0.6490408,0.7089649,0.726903,0.7904688,0.8250327,1.1847854,0.9686001,0.3778384,0.5322682,0.6860031,0.7459273,0.7638654,0.8274312,0.8619951,1.2217478,1.0055624,0.4753194,0.6290543,0.6889784,0.7069165,0.7704823,0.8050462,1.1647989,0.9486135,0.6172285,0.6771527,0.6950908,0.7586566,0.7932205,1.1529731,0.9367878,0.2463369,0.264275,0.7955828,0.8301468,1.1898994,0.9737141,0.2469411,0.855507,0.8900709,1.2498236,1.0336382,0.8734451,0.908009,1.2677617,1.0515764,0.4200487,1.1528913,0.9367059,1.1874552,0.9712698,0.9899761
tree49,3.0463429,6.6202132,6.6202132,5.8217055,5.8217055,5.1257844,5.1257844,8.7266643,8.7266643,8.4961407,6.1290171,7.0204013,7.4799336,7.4799336,5.8136545,5.8136545,0.5533852,0,3.5738703,3.5738703,2.7753626,2.7753626,2.9985062,2.9985062,8.8071648,8.8071648,8.5766412,6.2095176,7.1009017,7.5604341,7.5604341,5.894155,5.894155,2.4929576,3.0463429,0,1.2712853,1.2712853,6.5723765,6.5723765,12.3810352,12.3810352,12.1505115,9.7833879,10.6747721,11.1343044,11.1343044,9.4680254,9.4680254,6.066828,6.6202132,1.2712853,1.2712853,6.5723765,6.5723765,12.3810352,12.3810352,12.1505115,9.7833879,10.6747721,11.1343044,11.1343044,9.4680254,9.4680254,6.066828,6.6202132,0,5.7738688,5.7738688,11.5825275,11.5825275,11.3520038,8.9848802,9.8762644,10.3357967,10.3357967,8.6695177,8.6695177,5.2683203,5.8217055,5.7738688,5.7738688,11.5825275,11.5825275,11.3520038,8.9848802,9.8762644,10.3357967,10.3357967,8.6695177,8.6695177,5.2683203,5.8217055,0,10.8866064,10.8866064,10.6560827,8.2889591,9.1803433,9.6398756,9.6398756,7.9735966,7.9735966,4.5723992,5.1257844,10.8866064,10.8866064,10.6560827,8.2889591,9.1803433,9.6398756,9.6398756,7.9735966,7.9735966,4.5723992,5.1257844,0,0.2305237,2.5976473,6.7842108,7.2437432,7.2437432,7.8828231,7.8828231,8.1732791,8.7266643,0.2305237,2.5976473,6.7842108,7.2437432,7.2437432,7.8828231,7.8828231,8.1732791,8.7266643,2.3671236,6.5536872,7.0132195,7.0132195,7.6522995,7.6522995,7.9427555,8.4961407,4.1865635,4.6460959,4.6460959,5.2851758,5.2851758,5.5756318,6.1290171,0.4595323,0.4595323,6.17656,6.17656,6.467016,7.0204013,0,6.6360924,6.6360924,6.9265484,7.4799336,6.6360924,6.6360924,6.9265484,7.4799336,0,5.2602693,5.8136545,5.2602693,5.8136545,0.5533852
tree50,3.4971858,7.1050206,7.1050206,5.8643094,6.0913668,5.3039831,5.3039831,8.4187889,8.4187889,8.1311068,5.9716225,7.4914483,8.0668124,8.0668124,6.381542,6.381542,0.8953071,0,3.6078349,3.6078349,2.3671236,2.5941811,2.9274499,2.9274499,8.4923081,8.4923081,8.204626,6.0451417,7.5649675,8.1403316,8.1403316,6.4550612,6.4550612,2.6018787,3.4971858,0,1.2407112,1.0136538,6.5352847,6.5352847,12.1001429,12.1001429,11.8124608,9.6529766,11.1728023,11.7481665,11.7481665,10.0628961,10.0628961,6.2097135,7.1050206,1.2407112,1.0136538,6.5352847,6.5352847,12.1001429,12.1001429,11.8124608,9.6529766,11.1728023,11.7481665,11.7481665,10.0628961,10.0628961,6.2097135,7.1050206,0.2270575,5.2945735,5.2945735,10.8594317,10.8594317,10.5717496,8.4122653,9.9320911,10.5074552,10.5074552,8.8221848,8.8221848,4.9690023,5.8643094,5.5216309,5.5216309,11.0864891,11.0864891,10.798807,8.6393228,10.1591485,10.7345127,10.7345127,9.0492423,9.0492423,5.1960597,6.0913668,0,10.2991054,10.2991054,10.0114233,7.8519391,9.3717648,9.947129,9.947129,8.2618585,8.2618585,4.408676,5.3039831,10.2991054,10.2991054,10.0114233,7.8519391,9.3717648,9.947129,9.947129,8.2618585,8.2618585,4.408676,5.3039831,0,0.2876821,2.4471663,5.6615878,6.2369519,6.2369519,6.642417,6.642417,7.5234818,8.4187889,0.2876821,2.4471663,5.6615878,6.2369519,6.2369519,6.642417,6.642417,7.5234818,8.4187889,2.1594842,5.3739057,5.9492699,5.9492699,6.354735,6.354735,7.2357997,8.1311068,3.2144215,3.7897856,3.7897856,4.1952507,4.1952507,5.0763155,5.9716225,0.5753641,0.5753641,5.7150765,5.7150765,6.5961412,7.4914483,0,6.2904406,6.2904406,7.1715053,8.0668124,6.2904406,6.2904406,7.1715053,8.0668124,0,5.4862349,6.381542,5.4862349,6.381542,0.8953071
tree51,3.13055786,6.61789894,6.61789894,5.61546451,5.70247589,4.75801428,4.75801428,6.44708096,6.38254244,6.44708096,4.48542245,6.13057845,6.53604355,6.53604355,5.23263685,5.23263685,0.46534782,0,3.48734108,3.48734108,2.48490665,2.57191803,3.34235688,3.34235688,7.16306849,7.09852997,7.16306849,5.20140999,6.84656598,7.25203109,7.25203109,5.94862439,5.94862439,2.66521004,3.13055786,0,1.00243443,0.91542305,6.82969796,6.82969796,10.65040957,10.58587105,10.65040957,8.68875107,10.33390706,10.73937217,10.73937217,9.43596547,9.43596547,6.15255112,6.61789894,1.00243443,0.91542305,6.82969796,6.82969796,10.65040957,10.58587105,10.65040957,8.68875107,10.33390706,10.73937217,10.73937217,9.43596547,9.43596547,6.15255112,6.61789894,0.08701138,5.82726353,5.82726353,9.64797514,9.58343662,9.64797514,7.68631664,9.33147263,9.73693774,9.73693774,8.43353104,8.43353104,5.15011669,5.61546451,5.91427491,5.91427491,9.73498652,9.670448,9.73498652,7.77332801,9.41848401,9.82394912,9.82394912,8.52054242,8.52054242,5.23712807,5.70247589,0,8.79052491,8.72598639,8.79052491,6.8288664,8.4740224,8.87948751,8.87948751,7.57608081,7.57608081,4.29266646,4.75801428,8.79052491,8.72598639,8.79052491,6.8288664,8.4740224,8.87948751,8.87948751,7.57608081,7.57608081,4.29266646,4.75801428,0.06453852,0,1.96165851,5.28631581,5.69178092,5.69178092,5.94869133,5.94869133,5.98173314,6.44708096,0.06453852,1.89711998,5.22177729,5.6272424,5.6272424,5.88415281,5.88415281,5.91719462,6.38254244,1.96165851,5.28631581,5.69178092,5.69178092,5.94869133,5.94869133,5.98173314,6.44708096,3.3246573,3.73012241,3.73012241,3.98703283,3.98703283,4.02007463,4.48542245,0.40546511,0.40546511,5.63218882,5.63218882,5.66523063,6.13057845,0,6.03765393,6.03765393,6.07069574,6.53604355,6.03765393,6.03765393,6.07069574,6.53604355,0,4.76728904,5.23263685,4.76728904,5.23263685,0.46534782
tree52,4.1850295,8.1242353,8.1242353,6.6891507,6.6891507,5.976789,5.976789,7.4428014,7.4428014,7.3374409,5.9793174,7.6705681,8.1524061,8.1524061,6.7270946,6.7270946,0.9903987,0,3.9392057,3.9392057,2.5041212,2.5041212,3.063737,3.063737,7.6343084,7.6343084,7.5289479,6.1708244,7.8620751,8.3439131,8.3439131,6.9186016,6.9186016,3.1946308,4.1850295,0,1.5878305,1.5878305,7.0029427,7.0029427,11.5735142,11.5735142,11.4681537,10.1100302,11.8012808,12.2831189,12.2831189,10.8578073,10.8578073,7.1338366,8.1242353,1.5878305,1.5878305,7.0029427,7.0029427,11.5735142,11.5735142,11.4681537,10.1100302,11.8012808,12.2831189,12.2831189,10.8578073,10.8578073,7.1338366,8.1242353,0,5.5678582,5.5678582,10.1384297,10.1384297,10.0330691,8.6749457,10.3661963,10.8480344,10.8480344,9.4227228,9.4227228,5.698752,6.6891507,5.5678582,5.5678582,10.1384297,10.1384297,10.0330691,8.6749457,10.3661963,10.8480344,10.8480344,9.4227228,9.4227228,5.698752,6.6891507,0,9.4260679,9.4260679,9.3207074,7.9625839,9.6538345,10.1356726,10.1356726,8.7103611,8.7103611,4.9863903,5.976789,9.4260679,9.4260679,9.3207074,7.9625839,9.6538345,10.1356726,10.1356726,8.7103611,8.7103611,4.9863903,5.976789,0,0.1053605,1.463484,4.6277299,5.1095679,5.1095679,5.320877,5.320877,6.4524027,7.4428014,0.1053605,1.463484,4.6277299,5.1095679,5.1095679,5.320877,5.320877,6.4524027,7.4428014,1.3581235,4.5223693,5.0042074,5.0042074,5.2155165,5.2155165,6.3470422,7.3374409,3.1642459,3.6460839,3.6460839,3.857393,3.857393,4.9889187,5.9793174,0.4818381,0.4818381,5.5486437,5.5486437,6.6801694,7.6705681,0,6.0304817,6.0304817,7.1620074,8.1524061,6.0304817,6.0304817,7.1620074,8.1524061,0,5.7366959,6.7270946,5.7366959,6.7270946,0.9903987
tree53,3.4740908,7.0567421,7.0567421,5.9589975,6.141319,5.0835287,5.0835287,6.8909206,6.8909206,6.7210216,5.1115837,6.5611729,6.8488549,6.8488549,5.707683,5.707683,0.8488268,0,3.5826513,3.5826513,2.4849066,2.6672282,3.3603754,3.3603754,7.0003487,7.0003487,6.8304497,5.2210118,6.670601,6.9582831,6.9582831,5.8171112,5.8171112,2.625264,3.4740908,0,1.0977446,0.9154231,6.9430266,6.9430266,10.583,10.583,10.413101,8.803663,10.2532523,10.5409343,10.5409343,9.3997624,9.3997624,6.2079153,7.0567421,1.0977446,0.9154231,6.9430266,6.9430266,10.583,10.583,10.413101,8.803663,10.2532523,10.5409343,10.5409343,9.3997624,9.3997624,6.2079153,7.0567421,0.1823216,5.845282,5.845282,9.4852554,9.4852554,9.3153563,7.7059184,9.1555076,9.4431897,9.4431897,8.3020178,8.3020178,5.1101707,5.9589975,6.0276036,6.0276036,9.6675769,9.6675769,9.4976779,7.88824,9.3378292,9.6255113,9.6255113,8.4843394,8.4843394,5.2924922,6.141319,0,8.6097866,8.6097866,8.4398876,6.8304497,8.2800389,8.567721,8.567721,7.4265491,7.4265491,4.2347019,5.0835287,8.6097866,8.6097866,8.4398876,6.8304497,8.2800389,8.567721,8.567721,7.4265491,7.4265491,4.2347019,5.0835287,0,0.169899,1.7793369,5.299561,5.5872431,5.5872431,5.9174848,5.9174848,6.0420938,6.8909206,0.169899,1.7793369,5.299561,5.5872431,5.5872431,5.9174848,5.9174848,6.0420938,6.8909206,1.6094379,5.129662,5.4173441,5.4173441,5.7475858,5.7475858,5.8721948,6.7210216,3.5202241,3.8079062,3.8079062,4.1381478,4.1381478,4.2627568,5.1115837,0.2876821,0.2876821,5.5877371,5.5877371,5.7123461,6.5611729,0,5.8754191,5.8754191,6.0000281,6.8488549,5.8754191,5.8754191,6.0000281,6.8488549,0,4.8588562,5.707683,4.8588562,5.707683,0.8488268
tree54,3.1551228,6.9817102,6.9817102,5.5222464,5.6921454,4.9619201,4.9619201,8.0587074,8.0587074,7.6168746,5.7938626,7.0848468,7.5060602,7.5060602,6.039479,6.039479,0.3148331,0,3.8265874,3.8265874,2.3671236,2.5370227,2.9274499,2.9274499,8.4742895,8.4742895,8.0324568,6.2094448,7.500429,7.9216424,7.9216424,6.4550612,6.4550612,2.8402897,3.1551228,0,1.4594638,1.2895647,6.7540373,6.7540373,12.3008769,12.3008769,11.8590442,10.0360322,11.3270163,11.7482298,11.7482298,10.2816486,10.2816486,6.6668771,6.9817102,1.4594638,1.2895647,6.7540373,6.7540373,12.3008769,12.3008769,11.8590442,10.0360322,11.3270163,11.7482298,11.7482298,10.2816486,10.2816486,6.6668771,6.9817102,0.169899,5.2945735,5.2945735,10.8414132,10.8414132,10.3995804,8.5765684,9.8675526,10.288766,10.288766,8.8221848,8.8221848,5.2074133,5.5222464,5.4644725,5.4644725,11.0113122,11.0113122,10.5694794,8.7464674,10.0374516,10.4586651,10.4586651,8.9920838,8.9920838,5.3773124,5.6921454,0,10.2810869,10.2810869,9.8392541,8.0162421,9.3072263,9.7284398,9.7284398,8.2618585,8.2618585,4.6470871,4.9619201,10.2810869,10.2810869,9.8392541,8.0162421,9.3072263,9.7284398,9.7284398,8.2618585,8.2618585,4.6470871,4.9619201,0,0.4418328,2.2648448,5.7081078,6.1293213,6.1293213,6.6243985,6.6243985,7.7438743,8.0587074,0.4418328,2.2648448,5.7081078,6.1293213,6.1293213,6.6243985,6.6243985,7.7438743,8.0587074,1.823012,5.2662751,5.6874885,5.6874885,6.1825658,6.1825658,7.3020415,7.6168746,3.443263,3.8644765,3.8644765,4.3595538,4.3595538,5.4790295,5.7938626,0.4212135,0.4212135,5.650538,5.650538,6.7700137,7.0848468,0,6.0717514,6.0717514,7.1912272,7.5060602,6.0717514,6.0717514,7.1912272,7.5060602,0,5.7246459,6.039479,5.7246459,6.039479,0.3148331
tree55,3.4947234,7.3659245,7.3659245,6.1131615,6.1131615,5.4406336,5.4406336,7.7838271,7.7838271,7.496145,5.2888701,6.8373992,7.1250813,7.1250813,5.8534788,5.8534788,0.4418328,0,3.871201,3.871201,2.618438,2.618438,3.0239032,3.0239032,8.0106083,8.0106083,7.7229262,5.5156513,7.0641805,7.3518626,7.3518626,6.08026,6.08026,3.0528907,3.4947234,0,1.5198258,1.5198258,6.8951042,6.8951042,11.8818093,11.8818093,11.5941273,9.3868523,10.9353815,11.2230636,11.2230636,9.9514611,9.9514611,6.9240917,7.3659245,1.5198258,1.5198258,6.8951042,6.8951042,11.8818093,11.8818093,11.5941273,9.3868523,10.9353815,11.2230636,11.2230636,9.9514611,9.9514611,6.9240917,7.3659245,0,5.6423412,5.6423412,10.6290464,10.6290464,10.3413643,8.1340894,9.6826185,9.9703006,9.9703006,8.6986981,8.6986981,5.6713287,6.1131615,5.6423412,5.6423412,10.6290464,10.6290464,10.3413643,8.1340894,9.6826185,9.9703006,9.9703006,8.6986981,8.6986981,5.6713287,6.1131615,0,9.9565185,9.9565185,9.6688364,7.4615615,9.0100906,9.2977727,9.2977727,8.0261702,8.0261702,4.9988008,5.4406336,9.9565185,9.9565185,9.6688364,7.4615615,9.0100906,9.2977727,9.2977727,8.0261702,8.0261702,4.9988008,5.4406336,0,0.2876821,2.494957,5.9162411,6.2039232,6.2039232,6.7858447,6.7858447,7.3419943,7.7838271,0.2876821,2.494957,5.9162411,6.2039232,6.2039232,6.7858447,6.7858447,7.3419943,7.7838271,2.2072749,5.6285591,5.9162411,5.9162411,6.4981627,6.4981627,7.0543123,7.496145,3.4212841,3.7089662,3.7089662,4.2908878,4.2908878,4.8470373,5.2888701,0.2876821,0.2876821,5.8394169,5.8394169,6.3955665,6.8373992,0,6.127099,6.127099,6.6832486,7.1250813,6.127099,6.127099,6.6832486,7.1250813,0,5.4116461,5.8534788,5.4116461,5.8534788,0.4418328
tree56,3.71750962,7.19192506,7.19192506,6.20241627,6.28942765,5.32694753,5.32694753,6.94029934,6.94029934,6.77040031,5.1609624,6.56136136,6.96682647,6.96682647,5.66341977,5.66341977,0.46534782,0,3.47441544,3.47441544,2.48490665,2.57191803,3.36037539,3.36037539,7.38167281,7.38167281,7.21177377,5.60233586,7.00273483,7.40819993,7.40819993,6.10479323,6.10479323,3.2521618,3.71750962,0,0.98950879,0.90249741,6.83479082,6.83479082,10.85608824,10.85608824,10.68618921,9.07675129,10.47715026,10.88261537,10.88261537,9.57920867,9.57920867,6.72657724,7.19192506,0.98950879,0.90249741,6.83479082,6.83479082,10.85608824,10.85608824,10.68618921,9.07675129,10.47715026,10.88261537,10.88261537,9.57920867,9.57920867,6.72657724,7.19192506,0.08701138,5.84528204,5.84528204,9.86657946,9.86657946,9.69668042,8.08724251,9.48764148,9.89310658,9.89310658,8.58969988,8.58969988,5.73706845,6.20241627,5.93229341,5.93229341,9.95359083,9.95359083,9.7836918,8.17425389,9.57465285,9.98011796,9.98011796,8.67671126,8.67671126,5.82407983,6.28942765,0,8.99111072,8.99111072,8.82121168,7.21177377,8.61217274,9.01763785,9.01763785,7.71423114,7.71423114,4.86159971,5.32694753,8.99111072,8.99111072,8.82121168,7.21177377,8.61217274,9.01763785,9.01763785,7.71423114,7.71423114,4.86159971,5.32694753,0,0.16989904,1.77933695,5.34875128,5.75421639,5.75421639,6.0111268,6.0111268,6.47495153,6.94029934,0.16989904,1.77933695,5.34875128,5.75421639,5.75421639,6.0111268,6.0111268,6.47495153,6.94029934,1.60943791,5.17885224,5.58431735,5.58431735,5.84122777,5.84122777,6.30505249,6.77040031,3.56941433,3.97487944,3.97487944,4.23178985,4.23178985,4.69561458,5.1609624,0.40546511,0.40546511,5.63218882,5.63218882,6.09601354,6.56136136,0,6.03765393,6.03765393,6.50147865,6.96682647,6.03765393,6.03765393,6.50147865,6.96682647,0,5.19807195,5.66341977,5.19807195,5.66341977,0.46534782
tree57,3.67660936,7.1510248,7.1510248,6.16151601,6.24852739,5.06290372,5.06290372,6.76000257,6.76000257,6.59010354,4.98066562,6.62582162,7.03128673,7.03128673,5.72788003,5.72788003,0.60391605,0,3.47441544,3.47441544,2.48490665,2.57191803,3.58351894,3.58351894,7.03155526,7.03155526,6.86165623,5.25221831,6.89737431,7.30283942,7.30283942,5.99943272,5.99943272,3.07269331,3.67660936,0,0.98950879,0.90249741,7.05793437,7.05793437,10.5059707,10.5059707,10.33607166,8.72663375,10.37178975,10.77725485,10.77725485,9.47384815,9.47384815,6.54710875,7.1510248,0.98950879,0.90249741,7.05793437,7.05793437,10.5059707,10.5059707,10.33607166,8.72663375,10.37178975,10.77725485,10.77725485,9.47384815,9.47384815,6.54710875,7.1510248,0.08701138,6.06842559,6.06842559,9.51646191,9.51646191,9.34656288,7.73712496,9.38228096,9.78774607,9.78774607,8.48433937,8.48433937,5.55759996,6.16151601,6.15543697,6.15543697,9.60347329,9.60347329,9.43357425,7.82413634,9.46929234,9.87475744,9.87475744,8.57135074,8.57135074,5.64461134,6.24852739,0,8.41784963,8.41784963,8.24795059,6.63851268,8.28366867,8.68913378,8.68913378,7.38572708,7.38572708,4.45898768,5.06290372,8.41784963,8.41784963,8.24795059,6.63851268,8.28366867,8.68913378,8.68913378,7.38572708,7.38572708,4.45898768,5.06290372,0,0.16989904,1.77933695,5.10399425,5.50945936,5.50945936,5.76636978,5.76636978,6.15608653,6.76000257,0.16989904,1.77933695,5.10399425,5.50945936,5.50945936,5.76636978,5.76636978,6.15608653,6.76000257,1.60943791,4.93409522,5.33956033,5.33956033,5.59647074,5.59647074,5.98618749,6.59010354,3.3246573,3.73012241,3.73012241,3.98703283,3.98703283,4.37674958,4.98066562,0.40546511,0.40546511,5.63218882,5.63218882,6.02190557,6.62582162,0,6.03765393,6.03765393,6.42737068,7.03128673,6.03765393,6.03765393,6.42737068,7.03128673,0,5.12396398,5.72788003,5.12396398,5.72788003,0.60391605
tree58,3.6486659,7.2843008,7.2843008,6.1316213,6.1316213,5.4554633,5.4554633,8.0136881,8.0136881,7.726006,5.902994,7.1939782,7.6151917,7.6151917,6.1486104,6.1486104,0.6623755,0,3.6356349,3.6356349,2.4829554,2.4829554,2.9274499,2.9274499,8.7045506,8.7045506,8.4168685,6.5938565,7.8848407,8.3060541,8.3060541,6.8394729,6.8394729,2.9862904,3.6486659,0,1.3843431,1.3843431,6.5630848,6.5630848,12.3401855,12.3401855,12.0525034,10.2294914,11.5204756,11.9416891,11.9416891,10.4751078,10.4751078,6.6219253,7.2843008,1.3843431,1.3843431,6.5630848,6.5630848,12.3401855,12.3401855,12.0525034,10.2294914,11.5204756,11.9416891,11.9416891,10.4751078,10.4751078,6.6219253,7.2843008,0,5.4104053,5.4104053,11.187506,11.187506,10.8998239,9.0768119,10.3677961,10.7890096,10.7890096,9.3224283,9.3224283,5.4692458,6.1316213,5.4104053,5.4104053,11.187506,11.187506,10.8998239,9.0768119,10.3677961,10.7890096,10.7890096,9.3224283,9.3224283,5.4692458,6.1316213,0,10.5113479,10.5113479,10.2236658,8.4006538,9.691638,10.1128515,10.1128515,8.6462702,8.6462702,4.7930877,5.4554633,10.5113479,10.5113479,10.2236658,8.4006538,9.691638,10.1128515,10.1128515,8.6462702,8.6462702,4.7930877,5.4554633,0,0.2876821,2.1106941,5.5539571,5.9751706,5.9751706,6.4702479,6.4702479,7.3513126,8.0136881,0.2876821,2.1106941,5.5539571,5.9751706,5.9751706,6.4702479,6.4702479,7.3513126,8.0136881,1.823012,5.2662751,5.6874885,5.6874885,6.1825658,6.1825658,7.0636305,7.726006,3.443263,3.8644765,3.8644765,4.3595538,4.3595538,5.2406185,5.902994,0.4212135,0.4212135,5.650538,5.650538,6.5316027,7.1939782,0,6.0717514,6.0717514,6.9528161,7.6151917,6.0717514,6.0717514,6.9528161,7.6151917,0,5.4862349,6.1486104,5.4862349,6.1486104,0.6623755
tree59,4.0744192,7.6771527,7.6771527,6.7326911,6.7326911,5.8661787,5.8661787,9.370883,9.370883,9.2655225,7.0319303,7.937252,8.4190901,8.4190901,6.8351735,6.8351735,0.6623755,0,3.6027335,3.6027335,2.6582719,2.6582719,3.063737,3.063737,9.364699,9.364699,9.2593385,7.0257462,7.9310679,8.412906,8.412906,6.8289894,6.8289894,3.4120437,4.0744192,0,1.4055089,1.4055089,6.6664705,6.6664705,12.9674325,12.9674325,12.862072,10.6284797,11.5338014,12.0156395,12.0156395,10.4317229,10.4317229,7.0147772,7.6771527,1.4055089,1.4055089,6.6664705,6.6664705,12.9674325,12.9674325,12.862072,10.6284797,11.5338014,12.0156395,12.0156395,10.4317229,10.4317229,7.0147772,7.6771527,0,5.7220089,5.7220089,12.0229709,12.0229709,11.9176103,9.6840181,10.5893398,11.0711779,11.0711779,9.4872613,9.4872613,6.0703156,6.7326911,5.7220089,5.7220089,12.0229709,12.0229709,11.9176103,9.6840181,10.5893398,11.0711779,11.0711779,9.4872613,9.4872613,6.0703156,6.7326911,0,11.1564584,11.1564584,11.0510979,8.8175057,9.7228274,10.2046655,10.2046655,8.6207489,8.6207489,5.2038032,5.8661787,11.1564584,11.1564584,11.0510979,8.8175057,9.7228274,10.2046655,10.2046655,8.6207489,8.6207489,5.2038032,5.8661787,0,0.1053605,2.3389527,6.2891275,6.7709656,6.7709656,7.2699568,7.2699568,8.7085075,9.370883,0.1053605,2.3389527,6.2891275,6.7709656,6.7709656,7.2699568,7.2699568,8.7085075,9.370883,2.2335922,6.183767,6.6656051,6.6656051,7.1645962,7.1645962,8.603147,9.2655225,3.9501748,4.4320129,4.4320129,4.931004,4.931004,6.3695548,7.0319303,0.4818381,0.4818381,5.8363257,5.8363257,7.2748765,7.937252,0,6.3181638,6.3181638,7.7567145,8.4190901,6.3181638,6.3181638,7.7567145,8.4190901,0,6.172798,6.8351735,6.172798,6.8351735,0.6623755
tree60,3.8825499,7.4660688,7.4660688,6.6010714,6.6010714,5.6893472,5.6893472,8.0852913,8.0852913,7.7976092,5.4950241,6.7702599,7.1757251,7.1757251,5.7863395,5.7863395,0.6623755,0,3.5835189,3.5835189,2.7185215,2.7185215,3.163016,3.163016,8.8341776,8.8341776,8.5464955,6.2439104,7.5191462,7.9246114,7.9246114,6.5352258,6.5352258,3.2201744,3.8825499,0,1.3322271,1.3322271,6.7465349,6.7465349,12.4176965,12.4176965,12.1300145,9.8274294,11.1026652,11.5081303,11.5081303,10.1187447,10.1187447,6.8036933,7.4660688,1.3322271,1.3322271,6.7465349,6.7465349,12.4176965,12.4176965,12.1300145,9.8274294,11.1026652,11.5081303,11.5081303,10.1187447,10.1187447,6.8036933,7.4660688,0,5.8815375,5.8815375,11.5526991,11.5526991,11.265017,8.9624319,10.2376677,10.6431329,10.6431329,9.2537473,9.2537473,5.9386959,6.6010714,5.8815375,5.8815375,11.5526991,11.5526991,11.265017,8.9624319,10.2376677,10.6431329,10.6431329,9.2537473,9.2537473,5.9386959,6.6010714,0,10.6409749,10.6409749,10.3532929,8.0507078,9.3259436,9.7314087,9.7314087,8.3420231,8.3420231,5.0269717,5.6893472,10.6409749,10.6409749,10.3532929,8.0507078,9.3259436,9.7314087,9.7314087,8.3420231,8.3420231,5.0269717,5.6893472,0,0.2876821,2.5902672,6.2848446,6.6903097,6.6903097,7.1544483,7.1544483,7.4229158,8.0852913,0.2876821,2.5902672,6.2848446,6.6903097,6.6903097,7.1544483,7.1544483,7.4229158,8.0852913,2.3025851,5.9971626,6.4026277,6.4026277,6.8667662,6.8667662,7.1352337,7.7976092,3.6945775,4.1000426,4.1000426,4.5641811,4.5641811,4.8326486,5.4950241,0.4054651,0.4054651,5.8394169,5.8394169,6.1078844,6.7702599,0,6.244882,6.244882,6.5133495,7.1757251,6.244882,6.244882,6.5133495,7.1757251,0,5.123964,5.7863395,5.123964,5.7863395,0.6623755
tree61,2.9167117,6.8400288,6.8400288,5.2838354,5.5715174,4.7235091,4.7235091,7.769322,7.769322,7.1451677,4.9856834,6.7286527,7.3040169,7.3040169,5.801068,5.801068,0.3148331,0,3.923317,3.923317,2.3671236,2.6548057,2.9274499,2.9274499,8.4233152,8.4233152,7.7991609,5.6396766,7.3826459,7.9580101,7.9580101,6.4550612,6.4550612,2.6018787,2.9167117,0,1.5561934,1.2685113,6.8507669,6.8507669,12.3466322,12.3466322,11.7224779,9.5629936,11.3059629,11.8813271,11.8813271,10.3783782,10.3783782,6.5251957,6.8400288,1.5561934,1.2685113,6.8507669,6.8507669,12.3466322,12.3466322,11.7224779,9.5629936,11.3059629,11.8813271,11.8813271,10.3783782,10.3783782,6.5251957,6.8400288,0.2876821,5.2945735,5.2945735,10.7904388,10.7904388,10.1662845,8.0068002,9.7497695,10.3251337,10.3251337,8.8221848,8.8221848,4.9690023,5.2838354,5.5822556,5.5822556,11.0781209,11.0781209,10.4539666,8.2944823,10.0374516,10.6128158,10.6128158,9.1098669,9.1098669,5.2566844,5.5715174,0,10.2301125,10.2301125,9.6059582,7.446474,9.1894433,9.7648074,9.7648074,8.2618585,8.2618585,4.408676,4.7235091,10.2301125,10.2301125,9.6059582,7.446474,9.1894433,9.7648074,9.7648074,8.2618585,8.2618585,4.408676,4.7235091,0,0.6241543,2.7836386,5.7749165,6.3502806,6.3502806,6.5734242,6.5734242,7.4544889,7.769322,0.6241543,2.7836386,5.7749165,6.3502806,6.3502806,6.5734242,6.5734242,7.4544889,7.769322,2.1594842,5.1507622,5.7261263,5.7261263,5.9492699,5.9492699,6.8303346,7.1451677,2.9912779,3.5666421,3.5666421,3.7897856,3.7897856,4.6708503,4.9856834,0.5753641,0.5753641,5.5327549,5.5327549,6.4138196,6.7286527,0,6.1081191,6.1081191,6.9891838,7.3040169,6.1081191,6.1081191,6.9891838,7.3040169,0,5.4862349,5.801068,5.4862349,5.801068,0.3148331
tree62,3.0754601,6.7279022,6.7279022,5.4425837,5.7302658,4.8822575,4.8822575,7.989516,7.989516,7.7018339,5.5423497,6.8333339,7.408698,7.408698,5.9598164,5.9598164,0.4735815,0,3.6524421,3.6524421,2.3671236,2.6548057,2.9274499,2.9274499,8.4847608,8.4847608,8.1970788,6.0375945,7.3285787,7.9039429,7.9039429,6.4550612,6.4550612,2.6018787,3.0754601,0,1.2853184,0.9976364,6.5798919,6.5798919,12.1372029,12.1372029,11.8495208,9.6900366,10.9810208,11.5563849,11.5563849,10.1075032,10.1075032,6.2543207,6.7279022,1.2853184,0.9976364,6.5798919,6.5798919,12.1372029,12.1372029,11.8495208,9.6900366,10.9810208,11.5563849,11.5563849,10.1075032,10.1075032,6.2543207,6.7279022,0.2876821,5.2945735,5.2945735,10.8518845,10.8518845,10.5642024,8.4047181,9.6957023,10.2710665,10.2710665,8.8221848,8.8221848,4.9690023,5.4425837,5.5822556,5.5822556,11.1395665,11.1395665,10.8518845,8.6924002,9.9833844,10.5587485,10.5587485,9.1098669,9.1098669,5.2566844,5.7302658,0,10.2915582,10.2915582,10.0038761,7.8443919,9.1353761,9.7107402,9.7107402,8.2618585,8.2618585,4.408676,4.8822575,10.2915582,10.2915582,10.0038761,7.8443919,9.1353761,9.7107402,9.7107402,8.2618585,8.2618585,4.408676,4.8822575,0,0.2876821,2.4471663,5.8904294,6.4657935,6.4657935,6.6348698,6.6348698,7.5159346,7.989516,0.2876821,2.4471663,5.8904294,6.4657935,6.4657935,6.6348698,6.6348698,7.5159346,7.989516,2.1594842,5.6027473,6.1781114,6.1781114,6.3471878,6.3471878,7.2282525,7.7018339,3.443263,4.0186272,4.0186272,4.1877035,4.1877035,5.0687682,5.5423497,0.5753641,0.5753641,5.4786877,5.4786877,6.3597524,6.8333339,0,6.0540518,6.0540518,6.9351166,7.408698,6.0540518,6.0540518,6.9351166,7.408698,0,5.4862349,5.9598164,5.4862349,5.9598164,0.4735815
tree63,3.7215605,7.4386108,7.4386108,6.2934785,6.2934785,5.51332,5.51332,7.449336,7.449336,7.161654,5.7345376,7.4184081,8.1115553,8.1115553,6.4251563,6.4251563,0.6388168,0,3.7170503,3.7170503,2.571918,2.571918,3.1780538,3.1780538,8.0246444,8.0246444,7.7369623,6.3098459,7.9937165,8.6868636,8.6868636,7.0004647,7.0004647,3.0827437,3.7215605,0,1.3191551,1.3191551,6.8951042,6.8951042,11.7416947,11.7416947,11.4540126,10.0268963,11.7107668,12.403914,12.403914,10.717515,10.717515,6.799794,7.4386108,1.3191551,1.3191551,6.8951042,6.8951042,11.7416947,11.7416947,11.4540126,10.0268963,11.7107668,12.403914,12.403914,10.717515,10.717515,6.799794,7.4386108,0,5.7499719,5.7499719,10.5965624,10.5965624,10.3088803,8.881764,10.5656345,11.2587817,11.2587817,9.5723827,9.5723827,5.6546617,6.2934785,5.7499719,5.7499719,10.5965624,10.5965624,10.3088803,8.881764,10.5656345,11.2587817,11.2587817,9.5723827,9.5723827,5.6546617,6.2934785,0,9.8164038,9.8164038,9.5287218,8.1016054,9.7854759,10.4786231,10.4786231,8.7922241,8.7922241,4.8745031,5.51332,9.8164038,9.8164038,9.5287218,8.1016054,9.7854759,10.4786231,10.4786231,8.7922241,8.7922241,4.8745031,5.51332,0,0.2876821,1.7147984,5.0007412,5.6938884,5.6938884,5.7584269,5.7584269,6.8105192,7.449336,0.2876821,1.7147984,5.0007412,5.6938884,5.6938884,5.7584269,5.7584269,6.8105192,7.449336,1.4271164,4.7130591,5.4062063,5.4062063,5.4707448,5.4707448,6.5228371,7.161654,3.2859428,3.97909,3.97909,4.0436285,4.0436285,5.0957208,5.7345376,0.6931472,0.6931472,5.727499,5.727499,6.7795913,7.4184081,0,6.4206462,6.4206462,7.4727385,8.1115553,6.4206462,6.4206462,7.4727385,8.1115553,0,5.7863395,6.4251563,5.7863395,6.4251563,0.6388168
tree64,3.9835302,7.5670491,7.5670491,6.8132773,6.8132773,5.7752897,5.7752897,8.2357722,8.2357722,8.0658732,5.7632881,7.0385239,7.7316711,7.7316711,6.0546035,6.0546035,0.6623755,0,3.5835189,3.5835189,2.8297471,2.8297471,3.1780538,3.1780538,8.5491109,8.5491109,8.3792118,6.0766267,7.3518626,8.0450097,8.0450097,6.3679421,6.3679421,3.3211547,3.9835302,0,1.4434528,1.4434528,6.7615728,6.7615728,12.1326298,12.1326298,11.9627308,9.6601457,10.9353815,11.6285287,11.6285287,9.9514611,9.9514611,6.9046736,7.5670491,1.4434528,1.4434528,6.7615728,6.7615728,12.1326298,12.1326298,11.9627308,9.6601457,10.9353815,11.6285287,11.6285287,9.9514611,9.9514611,6.9046736,7.5670491,0,6.007801,6.007801,11.378858,11.378858,11.208959,8.9063739,10.1816097,10.8747569,10.8747569,9.1976893,9.1976893,6.1509018,6.8132773,6.007801,6.007801,11.378858,11.378858,11.208959,8.9063739,10.1816097,10.8747569,10.8747569,9.1976893,9.1976893,6.1509018,6.8132773,0,10.3408703,10.3408703,10.1709713,7.8683862,9.143622,9.8367692,9.8367692,8.1597016,8.1597016,5.1129141,5.7752897,10.3408703,10.3408703,10.1709713,7.8683862,9.143622,9.8367692,9.8367692,8.1597016,8.1597016,5.1129141,5.7752897,0,0.169899,2.4724841,6.1670616,6.8602088,6.8602088,7.0366652,7.0366652,7.5733967,8.2357722,0.169899,2.4724841,6.1670616,6.8602088,6.8602088,7.0366652,7.0366652,7.5733967,8.2357722,2.3025851,5.9971626,6.6903097,6.6903097,6.8667662,6.8667662,7.4034977,8.0658732,3.6945775,4.3877247,4.3877247,4.5641811,4.5641811,5.1009126,5.7632881,0.6931472,0.6931472,5.8394169,5.8394169,6.3761484,7.0385239,0,6.5325641,6.5325641,7.0692956,7.7316711,6.5325641,6.5325641,7.0692956,7.7316711,0,5.392228,6.0546035,5.392228,6.0546035,0.6623755
tree65,3.4971858,7.1050206,7.1050206,5.8643094,6.0913668,5.3039831,5.3039831,8.4187889,8.4187889,8.1311068,5.9716225,7.4914483,8.0668124,8.0668124,6.381542,6.381542,0.8953071,0,3.6078349,3.6078349,2.3671236,2.5941811,2.9274499,2.9274499,8.4923081,8.4923081,8.204626,6.0451417,7.5649675,8.1403316,8.1403316,6.4550612,6.4550612,2.6018787,3.4971858,0,1.2407112,1.0136538,6.5352847,6.5352847,12.1001429,12.1001429,11.8124608,9.6529766,11.1728023,11.7481665,11.7481665,10.0628961,10.0628961,6.2097135,7.1050206,1.2407112,1.0136538,6.5352847,6.5352847,12.1001429,12.1001429,11.8124608,9.6529766,11.1728023,11.7481665,11.7481665,10.0628961,10.0628961,6.2097135,7.1050206,0.2270575,5.2945735,5.2945735,10.8594317,10.8594317,10.5717496,8.4122653,9.9320911,10.5074552,10.5074552,8.8221848,8.8221848,4.9690023,5.8643094,5.5216309,5.5216309,11.0864891,11.0864891,10.798807,8.6393228,10.1591485,10.7345127,10.7345127,9.0492423,9.0492423,5.1960597,6.0913668,0,10.2991054,10.2991054,10.0114233,7.8519391,9.3717648,9.947129,9.947129,8.2618585,8.2618585,4.408676,5.3039831,10.2991054,10.2991054,10.0114233,7.8519391,9.3717648,9.947129,9.947129,8.2618585,8.2618585,4.408676,5.3039831,0,0.2876821,2.4471663,5.6615878,6.2369519,6.2369519,6.642417,6.642417,7.5234818,8.4187889,0.2876821,2.4471663,5.6615878,6.2369519,6.2369519,6.642417,6.642417,7.5234818,8.4187889,2.1594842,5.3739057,5.9492699,5.9492699,6.354735,6.354735,7.2357997,8.1311068,3.2144215,3.7897856,3.7897856,4.1952507,4.1952507,5.0763155,5.9716225,0.5753641,0.5753641,5.7150765,5.7150765,6.5961412,7.4914483,0,6.2904406,6.2904406,7.1715053,8.0668124,6.2904406,6.2904406,7.1715053,8.0668124,0,5.4862349,6.381542,5.4862349,6.381542,0.8953071
tree66,3.71750962,7.19192506,7.19192506,6.20241627,6.28942765,5.32694753,5.32694753,6.94029934,6.94029934,6.77040031,5.1609624,6.56136136,6.96682647,6.96682647,5.66341977,5.66341977,0.46534782,0,3.47441544,3.47441544,2.48490665,2.57191803,3.36037539,3.36037539,7.38167281,7.38167281,7.21177377,5.60233586,7.00273483,7.40819993,7.40819993,6.10479323,6.10479323,3.2521618,3.71750962,0,0.98950879,0.90249741,6.83479082,6.83479082,10.85608824,10.85608824,10.68618921,9.07675129,10.47715026,10.88261537,10.88261537,9.57920867,9.57920867,6.72657724,7.19192506,0.98950879,0.90249741,6.83479082,6.83479082,10.85608824,10.85608824,10.68618921,9.07675129,10.47715026,10.88261537,10.88261537,9.57920867,9.57920867,6.72657724,7.19192506,0.08701138,5.84528204,5.84528204,9.86657946,9.86657946,9.69668042,8.08724251,9.48764148,9.89310658,9.89310658,8.58969988,8.58969988,5.73706845,6.20241627,5.93229341,5.93229341,9.95359083,9.95359083,9.7836918,8.17425389,9.57465285,9.98011796,9.98011796,8.67671126,8.67671126,5.82407983,6.28942765,0,8.99111072,8.99111072,8.82121168,7.21177377,8.61217274,9.01763785,9.01763785,7.71423114,7.71423114,4.86159971,5.32694753,8.99111072,8.99111072,8.82121168,7.21177377,8.61217274,9.01763785,9.01763785,7.71423114,7.71423114,4.86159971,5.32694753,0,0.16989904,1.77933695,5.34875128,5.75421639,5.75421639,6.0111268,6.0111268,6.47495153,6.94029934,0.16989904,1.77933695,5.34875128,5.75421639,5.75421639,6.0111268,6.0111268,6.47495153,6.94029934,1.60943791,5.17885224,5.58431735,5.58431735,5.84122777,5.84122777,6.30505249,6.77040031,3.56941433,3.97487944,3.97487944,4.23178985,4.23178985,4.69561458,5.1609624,0.40546511,0.40546511,5.63218882,5.63218882,6.09601354,6.56136136,0,6.03765393,6.03765393,6.50147865,6.96682647,6.03765393,6.03765393,6.50147865,6.96682647,0,5.19807195,5.66341977,5.19807195,5.66341977,0.46534782
tree67,3.4740908,7.0567421,7.0567421,5.9589975,6.141319,5.0835287,5.0835287,6.8909206,6.8909206,6.7210216,5.1115837,6.5611729,6.8488549,6.8488549,5.707683,5.707683,0.8488268,0,3.5826513,3.5826513,2.4849066,2.6672282,3.3603754,3.3603754,7.0003487,7.0003487,6.8304497,5.2210118,6.670601,6.9582831,6.9582831,5.8171112,5.8171112,2.625264,3.4740908,0,1.0977446,0.9154231,6.9430266,6.9430266,10.583,10.583,10.413101,8.803663,10.2532523,10.5409343,10.5409343,9.3997624,9.3997624,6.2079153,7.0567421,1.0977446,0.9154231,6.9430266,6.9430266,10.583,10.583,10.413101,8.803663,10.2532523,10.5409343,10.5409343,9.3997624,9.3997624,6.2079153,7.0567421,0.1823216,5.845282,5.845282,9.4852554,9.4852554,9.3153563,7.7059184,9.1555076,9.4431897,9.4431897,8.3020178,8.3020178,5.1101707,5.9589975,6.0276036,6.0276036,9.6675769,9.6675769,9.4976779,7.88824,9.3378292,9.6255113,9.6255113,8.4843394,8.4843394,5.2924922,6.141319,0,8.6097866,8.6097866,8.4398876,6.8304497,8.2800389,8.567721,8.567721,7.4265491,7.4265491,4.2347019,5.0835287,8.6097866,8.6097866,8.4398876,6.8304497,8.2800389,8.567721,8.567721,7.4265491,7.4265491,4.2347019,5.0835287,0,0.169899,1.7793369,5.299561,5.5872431,5.5872431,5.9174848,5.9174848,6.0420938,6.8909206,0.169899,1.7793369,5.299561,5.5872431,5.5872431,5.9174848,5.9174848,6.0420938,6.8909206,1.6094379,5.129662,5.4173441,5.4173441,5.7475858,5.7475858,5.8721948,6.7210216,3.5202241,3.8079062,3.8079062,4.1381478,4.1381478,4.2627568,5.1115837,0.2876821,0.2876821,5.5877371,5.5877371,5.7123461,6.5611729,0,5.8754191,5.8754191,6.0000281,6.8488549,5.8754191,5.8754191,6.0000281,6.8488549,0,4.8588562,5.707683,4.8588562,5.707683,0.8488268
tree68,3.1551228,6.9817102,6.9817102,5.5222464,5.6921454,4.9619201,4.9619201,8.0587074,8.0587074,7.6168746,5.7938626,7.0848468,7.5060602,7.5060602,6.039479,6.039479,0.3148331,0,3.8265874,3.8265874,2.3671236,2.5370227,2.9274499,2.9274499,8.4742895,8.4742895,8.0324568,6.2094448,7.500429,7.9216424,7.9216424,6.4550612,6.4550612,2.8402897,3.1551228,0,1.4594638,1.2895647,6.7540373,6.7540373,12.3008769,12.3008769,11.8590442,10.0360322,11.3270163,11.7482298,11.7482298,10.2816486,10.2816486,6.6668771,6.9817102,1.4594638,1.2895647,6.7540373,6.7540373,12.3008769,12.3008769,11.8590442,10.0360322,11.3270163,11.7482298,11.7482298,10.2816486,10.2816486,6.6668771,6.9817102,0.169899,5.2945735,5.2945735,10.8414132,10.8414132,10.3995804,8.5765684,9.8675526,10.288766,10.288766,8.8221848,8.8221848,5.2074133,5.5222464,5.4644725,5.4644725,11.0113122,11.0113122,10.5694794,8.7464674,10.0374516,10.4586651,10.4586651,8.9920838,8.9920838,5.3773124,5.6921454,0,10.2810869,10.2810869,9.8392541,8.0162421,9.3072263,9.7284398,9.7284398,8.2618585,8.2618585,4.6470871,4.9619201,10.2810869,10.2810869,9.8392541,8.0162421,9.3072263,9.7284398,9.7284398,8.2618585,8.2618585,4.6470871,4.9619201,0,0.4418328,2.2648448,5.7081078,6.1293213,6.1293213,6.6243985,6.6243985,7.7438743,8.0587074,0.4418328,2.2648448,5.7081078,6.1293213,6.1293213,6.6243985,6.6243985,7.7438743,8.0587074,1.823012,5.2662751,5.6874885,5.6874885,6.1825658,6.1825658,7.3020415,7.6168746,3.443263,3.8644765,3.8644765,4.3595538,4.3595538,5.4790295,5.7938626,0.4212135,0.4212135,5.650538,5.650538,6.7700137,7.0848468,0,6.0717514,6.0717514,7.1912272,7.5060602,6.0717514,6.0717514,7.1912272,7.5060602,0,5.7246459,6.039479,5.7246459,6.039479,0.3148331
tree69,3.7215605,7.4386108,7.4386108,6.2934785,6.2934785,5.51332,5.51332,7.449336,7.449336,7.161654,5.7345376,7.4184081,8.1115553,8.1115553,6.4251563,6.4251563,0.6388168,0,3.7170503,3.7170503,2.571918,2.571918,3.1780538,3.1780538,8.0246444,8.0246444,7.7369623,6.3098459,7.9937165,8.6868636,8.6868636,7.0004647,7.0004647,3.0827437,3.7215605,0,1.3191551,1.3191551,6.8951042,6.8951042,11.7416947,11.7416947,11.4540126,10.0268963,11.7107668,12.403914,12.403914,10.717515,10.717515,6.799794,7.4386108,1.3191551,1.3191551,6.8951042,6.8951042,11.7416947,11.7416947,11.4540126,10.0268963,11.7107668,12.403914,12.403914,10.717515,10.717515,6.799794,7.4386108,0,5.7499719,5.7499719,10.5965624,10.5965624,10.3088803,8.881764,10.5656345,11.2587817,11.2587817,9.5723827,9.5723827,5.6546617,6.2934785,5.7499719,5.7499719,10.5965624,10.5965624,10.3088803,8.881764,10.5656345,11.2587817,11.2587817,9.5723827,9.5723827,5.6546617,6.2934785,0,9.8164038,9.8164038,9.5287218,8.1016054,9.7854759,10.4786231,10.4786231,8.7922241,8.7922241,4.8745031,5.51332,9.8164038,9.8164038,9.5287218,8.1016054,9.7854759,10.4786231,10.4786231,8.7922241,8.7922241,4.8745031,5.51332,0,0.2876821,1.7147984,5.0007412,5.6938884,5.6938884,5.7584269,5.7584269,6.8105192,7.449336,0.2876821,1.7147984,5.0007412,5.6938884,5.6938884,5.7584269,5.7584269,6.8105192,7.449336,1.4271164,4.7130591,5.4062063,5.4062063,5.4707448,5.4707448,6.5228371,7.161654,3.2859428,3.97909,3.97909,4.0436285,4.0436285,5.0957208,5.7345376,0.6931472,0.6931472,5.727499,5.727499,6.7795913,7.4184081,0,6.4206462,6.4206462,7.4727385,8.1115553,6.4206462,6.4206462,7.4727385,8.1115553,0,5.7863395,6.4251563,5.7863395,6.4251563,0.6388168
tree70,3.0754601,6.7279022,6.7279022,5.4425837,5.7302658,4.8822575,4.8822575,7.989516,7.989516,7.7018339,5.5423497,6.8333339,7.408698,7.408698,5.9598164,5.9598164,0.4735815,0,3.6524421,3.6524421,2.3671236,2.6548057,2.9274499,2.9274499,8.4847608,8.4847608,8.1970788,6.0375945,7.3285787,7.9039429,7.9039429,6.4550612,6.4550612,2.6018787,3.0754601,0,1.2853184,0.9976364,6.5798919,6.5798919,12.1372029,12.1372029,11.8495208,9.6900366,10.9810208,11.5563849,11.5563849,10.1075032,10.1075032,6.2543207,6.7279022,1.2853184,0.9976364,6.5798919,6.5798919,12.1372029,12.1372029,11.8495208,9.6900366,10.9810208,11.5563849,11.5563849,10.1075032,10.1075032,6.2543207,6.7279022,0.2876821,5.2945735,5.2945735,10.8518845,10.8518845,10.5642024,8.4047181,9.6957023,10.2710665,10.2710665,8.8221848,8.8221848,4.9690023,5.4425837,5.5822556,5.5822556,11.1395665,11.1395665,10.8518845,8.6924002,9.9833844,10.5587485,10.5587485,9.1098669,9.1098669,5.2566844,5.7302658,0,10.2915582,10.2915582,10.0038761,7.8443919,9.1353761,9.7107402,9.7107402,8.2618585,8.2618585,4.408676,4.8822575,10.2915582,10.2915582,10.0038761,7.8443919,9.1353761,9.7107402,9.7107402,8.2618585,8.2618585,4.408676,4.8822575,0,0.2876821,2.4471663,5.8904294,6.4657935,6.4657935,6.6348698,6.6348698,7.5159346,7.989516,0.2876821,2.4471663,5.8904294,6.4657935,6.4657935,6.6348698,6.6348698,7.5159346,7.989516,2.1594842,5.6027473,6.1781114,6.1781114,6.3471878,6.3471878,7.2282525,7.7018339,3.443263,4.0186272,4.0186272,4.1877035,4.1877035,5.0687682,5.5423497,0.5753641,0.5753641,5.4786877,5.4786877,6.3597524,6.8333339,0,6.0540518,6.0540518,6.9351166,7.408698,6.0540518,6.0540518,6.9351166,7.408698,0,5.4862349,5.9598164,5.4862349,5.9598164,0.4735815
tree71,3.67660936,7.1510248,7.1510248,6.16151601,6.24852739,5.06290372,5.06290372,6.76000257,6.76000257,6.59010354,4.98066562,6.62582162,7.03128673,7.03128673,5.72788003,5.72788003,0.60391605,0,3.47441544,3.47441544,2.48490665,2.57191803,3.58351894,3.58351894,7.03155526,7.03155526,6.86165623,5.25221831,6.89737431,7.30283942,7.30283942,5.99943272,5.99943272,3.07269331,3.67660936,0,0.98950879,0.90249741,7.05793437,7.05793437,10.5059707,10.5059707,10.33607166,8.72663375,10.37178975,10.77725485,10.77725485,9.47384815,9.47384815,6.54710875,7.1510248,0.98950879,0.90249741,7.05793437,7.05793437,10.5059707,10.5059707,10.33607166,8.72663375,10.37178975,10.77725485,10.77725485,9.47384815,9.47384815,6.54710875,7.1510248,0.08701138,6.06842559,6.06842559,9.51646191,9.51646191,9.34656288,7.73712496,9.38228096,9.78774607,9.78774607,8.48433937,8.48433937,5.55759996,6.16151601,6.15543697,6.15543697,9.60347329,9.60347329,9.43357425,7.82413634,9.46929234,9.87475744,9.87475744,8.57135074,8.57135074,5.64461134,6.24852739,0,8.41784963,8.41784963,8.24795059,6.63851268,8.28366867,8.68913378,8.68913378,7.38572708,7.38572708,4.45898768,5.06290372,8.41784963,8.41784963,8.24795059,6.63851268,8.28366867,8.68913378,8.68913378,7.38572708,7.38572708,4.45898768,5.06290372,0,0.16989904,1.77933695,5.10399425,5.50945936,5.50945936,5.76636978,5.76636978,6.15608653,6.76000257,0.16989904,1.77933695,5.10399425,5.50945936,5.50945936,5.76636978,5.76636978,6.15608653,6.76000257,1.60943791,4.93409522,5.33956033,5.33956033,5.59647074,5.59647074,5.98618749,6.59010354,3.3246573,3.73012241,3.73012241,3.98703283,3.98703283,4.37674958,4.98066562,0.40546511,0.40546511,5.63218882,5.63218882,6.02190557,6.62582162,0,6.03765393,6.03765393,6.42737068,7.03128673,6.03765393,6.03765393,6.42737068,7.03128673,0,5.12396398,5.72788003,5.12396398,5.72788003,0.60391605
tree72,3.8825499,7.4660688,7.4660688,6.6010714,6.6010714,5.6893472,5.6893472,8.0852913,8.0852913,7.7976092,5.4950241,6.7702599,7.1757251,7.1757251,5.7863395,5.7863395,0.6623755,0,3.5835189,3.5835189,2.7185215,2.7185215,3.163016,3.163016,8.8341776,8.8341776,8.5464955,6.2439104,7.5191462,7.9246114,7.9246114,6.5352258,6.5352258,3.2201744,3.8825499,0,1.3322271,1.3322271,6.7465349,6.7465349,12.4176965,12.4176965,12.1300145,9.8274294,11.1026652,11.5081303,11.5081303,10.1187447,10.1187447,6.8036933,7.4660688,1.3322271,1.3322271,6.7465349,6.7465349,12.4176965,12.4176965,12.1300145,9.8274294,11.1026652,11.5081303,11.5081303,10.1187447,10.1187447,6.8036933,7.4660688,0,5.8815375,5.8815375,11.5526991,11.5526991,11.265017,8.9624319,10.2376677,10.6431329,10.6431329,9.2537473,9.2537473,5.9386959,6.6010714,5.8815375,5.8815375,11.5526991,11.5526991,11.265017,8.9624319,10.2376677,10.6431329,10.6431329,9.2537473,9.2537473,5.9386959,6.6010714,0,10.6409749,10.6409749,10.3532929,8.0507078,9.3259436,9.7314087,9.7314087,8.3420231,8.3420231,5.0269717,5.6893472,10.6409749,10.6409749,10.3532929,8.0507078,9.3259436,9.7314087,9.7314087,8.3420231,8.3420231,5.0269717,5.6893472,0,0.2876821,2.5902672,6.2848446,6.6903097,6.6903097,7.1544483,7.1544483,7.4229158,8.0852913,0.2876821,2.5902672,6.2848446,6.6903097,6.6903097,7.1544483,7.1544483,7.4229158,8.0852913,2.3025851,5.9971626,6.4026277,6.4026277,6.8667662,6.8667662,7.1352337,7.7976092,3.6945775,4.1000426,4.1000426,4.5641811,4.5641811,4.8326486,5.4950241,0.4054651,0.4054651,5.8394169,5.8394169,6.1078844,6.7702599,0,6.244882,6.244882,6.5133495,7.1757251,6.244882,6.244882,6.5133495,7.1757251,0,5.123964,5.7863395,5.123964,5.7863395,0.6623755
tree73,3.0463429,6.6202132,6.6202132,5.8217055,5.8217055,5.1257844,5.1257844,8.7266643,8.7266643,8.4961407,6.1290171,7.0204013,7.4799336,7.4799336,5.8136545,5.8136545,0.5533852,0,3.5738703,3.5738703,2.7753626,2.7753626,2.9985062,2.9985062,8.8071648,8.8071648,8.5766412,6.2095176,7.1009017,7.5604341,7.5604341,5.894155,5.894155,2.4929576,3.0463429,0,1.2712853,1.2712853,6.5723765,6.5723765,12.3810352,12.3810352,12.1505115,9.7833879,10.6747721,11.1343044,11.1343044,9.4680254,9.4680254,6.066828,6.6202132,1.2712853,1.2712853,6.5723765,6.5723765,12.3810352,12.3810352,12.1505115,9.7833879,10.6747721,11.1343044,11.1343044,9.4680254,9.4680254,6.066828,6.6202132,0,5.7738688,5.7738688,11.5825275,11.5825275,11.3520038,8.9848802,9.8762644,10.3357967,10.3357967,8.6695177,8.6695177,5.2683203,5.8217055,5.7738688,5.7738688,11.5825275,11.5825275,11.3520038,8.9848802,9.8762644,10.3357967,10.3357967,8.6695177,8.6695177,5.2683203,5.8217055,0,10.8866064,10.8866064,10.6560827,8.2889591,9.1803433,9.6398756,9.6398756,7.9735966,7.9735966,4.5723992,5.1257844,10.8866064,10.8866064,10.6560827,8.2889591,9.1803433,9.6398756,9.6398756,7.9735966,7.9735966,4.5723992,5.1257844,0,0.2305237,2.5976473,6.7842108,7.2437432,7.2437432,7.8828231,7.8828231,8.1732791,8.7266643,0.2305237,2.5976473,6.7842108,7.2437432,7.2437432,7.8828231,7.8828231,8.1732791,8.7266643,2.3671236,6.5536872,7.0132195,7.0132195,7.6522995,7.6522995,7.9427555,8.4961407,4.1865635,4.6460959,4.6460959,5.2851758,5.2851758,5.5756318,6.1290171,0.4595323,0.4595323,6.17656,6.17656,6.467016,7.0204013,0,6.6360924,6.6360924,6.9265484,7.4799336,6.6360924,6.6360924,6.9265484,7.4799336,0,5.2602693,5.8136545,5.2602693,5.8136545,0.5533852
tree74,3.13055786,6.61789894,6.61789894,5.61546451,5.70247589,4.75801428,4.75801428,6.44708096,6.38254244,6.44708096,4.48542245,6.13057845,6.53604355,6.53604355,5.23263685,5.23263685,0.46534782,0,3.48734108,3.48734108,2.48490665,2.57191803,3.34235688,3.34235688,7.16306849,7.09852997,7.16306849,5.20140999,6.84656598,7.25203109,7.25203109,5.94862439,5.94862439,2.66521004,3.13055786,0,1.00243443,0.91542305,6.82969796,6.82969796,10.65040957,10.58587105,10.65040957,8.68875107,10.33390706,10.73937217,10.73937217,9.43596547,9.43596547,6.15255112,6.61789894,1.00243443,0.91542305,6.82969796,6.82969796,10.65040957,10.58587105,10.65040957,8.68875107,10.33390706,10.73937217,10.73937217,9.43596547,9.43596547,6.15255112,6.61789894,0.08701138,5.82726353,5.82726353,9.64797514,9.58343662,9.64797514,7.68631664,9.33147263,9.73693774,9.73693774,8.43353104,8.43353104,5.15011669,5.61546451,5.91427491,5.91427491,9.73498652,9.670448,9.73498652,7.77332801,9.41848401,9.82394912,9.82394912,8.52054242,8.52054242,5.23712807,5.70247589,0,8.79052491,8.72598639,8.79052491,6.8288664,8.4740224,8.87948751,8.87948751,7.57608081,7.57608081,4.29266646,4.75801428,8.79052491,8.72598639,8.79052491,6.8288664,8.4740224,8.87948751,8.87948751,7.57608081,7.57608081,4.29266646,4.75801428,0.06453852,0,1.96165851,5.28631581,5.69178092,5.69178092,5.94869133,5.94869133,5.98173314,6.44708096,0.06453852,1.89711998,5.22177729,5.6272424,5.6272424,5.88415281,5.88415281,5.91719462,6.38254244,1.96165851,5.28631581,5.69178092,5.69178092,5.94869133,5.94869133,5.98173314,6.44708096,3.3246573,3.73012241,3.73012241,3.98703283,3.98703283,4.02007463,4.48542245,0.40546511,0.40546511,5.63218882,5.63218882,5.66523063,6.13057845,0,6.03765393,6.03765393,6.07069574,6.53604355,6.03765393,6.03765393,6.07069574,6.53604355,0,4.76728904,5.23263685,4.76728904,5.23263685,0.46534782
tree75,3.6486659,7.2843008,7.2843008,6.1316213,6.1316213,5.4554633,5.4554633,8.0136881,8.0136881,7.726006,5.902994,7.1939782,7.6151917,7.6151917,6.1486104,6.1486104,0.6623755,0,3.6356349,3.6356349,2.4829554,2.4829554,2.9274499,2.9274499,8.7045506,8.7045506,8.4168685,6.5938565,7.8848407,8.3060541,8.3060541,6.8394729,6.8394729,2.9862904,3.6486659,0,1.3843431,1.3843431,6.5630848,6.5630848,12.3401855,12.3401855,12.0525034,10.2294914,11.5204756,11.9416891,11.9416891,10.4751078,10.4751078,6.6219253,7.2843008,1.3843431,1.3843431,6.5630848,6.5630848,12.3401855,12.3401855,12.0525034,10.2294914,11.5204756,11.9416891,11.9416891,10.4751078,10.4751078,6.6219253,7.2843008,0,5.4104053,5.4104053,11.187506,11.187506,10.8998239,9.0768119,10.3677961,10.7890096,10.7890096,9.3224283,9.3224283,5.4692458,6.1316213,5.4104053,5.4104053,11.187506,11.187506,10.8998239,9.0768119,10.3677961,10.7890096,10.7890096,9.3224283,9.3224283,5.4692458,6.1316213,0,10.5113479,10.5113479,10.2236658,8.4006538,9.691638,10.1128515,10.1128515,8.6462702,8.6462702,4.7930877,5.4554633,10.5113479,10.5113479,10.2236658,8.4006538,9.691638,10.1128515,10.1128515,8.6462702,8.6462702,4.7930877,5.4554633,0,0.2876821,2.1106941,5.5539571,5.9751706,5.9751706,6.4702479,6.4702479,7.3513126,8.0136881,0.2876821,2.1106941,5.5539571,5.9751706,5.9751706,6.4702479,6.4702479,7.3513126,8.0136881,1.823012,5.2662751,5.6874885,5.6874885,6.1825658,6.1825658,7.0636305,7.726006,3.443263,3.8644765,3.8644765,4.3595538,4.3595538,5.2406185,5.902994,0.4212135,0.4212135,5.650538,5.650538,6.5316027,7.1939782,0,6.0717514,6.0717514,6.9528161,7.6151917,6.0717514,6.0717514,6.9528161,7.6151917,0,5.4862349,6.1486104,5.4862349,6.1486104,0.6623755
tree76,3.730216,7.7837386,7.7837386,6.2576822,6.2576822,5.6761261,5.6761261,7.6278906,7.6278906,7.4579915,6.0308752,7.7147457,8.2537422,8.2537422,6.7214939,6.7214939,0.8059427,0,4.0535226,4.0535226,2.5274663,2.5274663,3.0239032,3.0239032,7.6191793,7.6191793,7.4492802,6.0221639,7.7060344,8.2450309,8.2450309,6.7127826,6.7127826,2.9242733,3.730216,0,1.6111755,1.6111755,7.0774257,7.0774257,11.6727018,11.6727018,11.5028028,10.0756864,11.7595569,12.2985534,12.2985534,10.7663052,10.7663052,6.9777959,7.7837386,1.6111755,1.6111755,7.0774257,7.0774257,11.6727018,11.6727018,11.5028028,10.0756864,11.7595569,12.2985534,12.2985534,10.7663052,10.7663052,6.9777959,7.7837386,0,5.5513694,5.5513694,10.1466455,10.1466455,9.9767465,8.5496301,10.2335006,10.7724971,10.7724971,9.2402489,9.2402489,5.4517396,6.2576822,5.5513694,5.5513694,10.1466455,10.1466455,9.9767465,8.5496301,10.2335006,10.7724971,10.7724971,9.2402489,9.2402489,5.4517396,6.2576822,0,9.5650894,9.5650894,9.3951904,7.968074,9.6519445,10.190941,10.190941,8.6586928,8.6586928,4.8701835,5.6761261,9.5650894,9.5650894,9.3951904,7.968074,9.6519445,10.190941,10.190941,8.6586928,8.6586928,4.8701835,5.6761261,0,0.169899,1.5970154,4.8829582,5.4219547,5.4219547,5.6406439,5.6406439,6.8219479,7.6278906,0.169899,1.5970154,4.8829582,5.4219547,5.4219547,5.6406439,5.6406439,6.8219479,7.6278906,1.4271164,4.7130591,5.2520556,5.2520556,5.4707448,5.4707448,6.6520489,7.4579915,3.2859428,3.8249393,3.8249393,4.0436285,4.0436285,5.2249325,6.0308752,0.5389965,0.5389965,5.727499,5.727499,6.908803,7.7147457,0,6.2664955,6.2664955,7.4477995,8.2537422,6.2664955,6.2664955,7.4477995,8.2537422,0,5.9155512,6.7214939,5.9155512,6.7214939,0.8059427
tree77,3.4947234,7.3659245,7.3659245,6.1131615,6.1131615,5.4406336,5.4406336,7.7838271,7.7838271,7.496145,5.2888701,6.8373992,7.1250813,7.1250813,5.8534788,5.8534788,0.4418328,0,3.871201,3.871201,2.618438,2.618438,3.0239032,3.0239032,8.0106083,8.0106083,7.7229262,5.5156513,7.0641805,7.3518626,7.3518626,6.08026,6.08026,3.0528907,3.4947234,0,1.5198258,1.5198258,6.8951042,6.8951042,11.8818093,11.8818093,11.5941273,9.3868523,10.9353815,11.2230636,11.2230636,9.9514611,9.9514611,6.9240917,7.3659245,1.5198258,1.5198258,6.8951042,6.8951042,11.8818093,11.8818093,11.5941273,9.3868523,10.9353815,11.2230636,11.2230636,9.9514611,9.9514611,6.9240917,7.3659245,0,5.6423412,5.6423412,10.6290464,10.6290464,10.3413643,8.1340894,9.6826185,9.9703006,9.9703006,8.6986981,8.6986981,5.6713287,6.1131615,5.6423412,5.6423412,10.6290464,10.6290464,10.3413643,8.1340894,9.6826185,9.9703006,9.9703006,8.6986981,8.6986981,5.6713287,6.1131615,0,9.9565185,9.9565185,9.6688364,7.4615615,9.0100906,9.2977727,9.2977727,8.0261702,8.0261702,4.9988008,5.4406336,9.9565185,9.9565185,9.6688364,7.4615615,9.0100906,9.2977727,9.2977727,8.0261702,8.0261702,4.9988008,5.4406336,0,0.2876821,2.494957,5.9162411,6.2039232,6.2039232,6.7858447,6.7858447,7.3419943,7.7838271,0.2876821,2.494957,5.9162411,6.2039232,6.2039232,6.7858447,6.7858447,7.3419943,7.7838271,2.2072749,5.6285591,5.9162411,5.9162411,6.4981627,6.4981627,7.0543123,7.496145,3.4212841,3.7089662,3.7089662,4.2908878,4.2908878,4.8470373,5.2888701,0.2876821,0.2876821,5.8394169,5.8394169,6.3955665,6.8373992,0,6.127099,6.127099,6.6832486,7.1250813,6.127099,6.127099,6.6832486,7.1250813,0,5.4116461,5.8534788,5.4116461,5.8534788,0.4418328
tree78,4.0744192,7.6771527,7.6771527,6.7326911,6.7326911,5.8661787,5.8661787,9.370883,9.370883,9.2655225,7.0319303,7.937252,8.4190901,8.4190901,6.8351735,6.8351735,0.6623755,0,3.6027335,3.6027335,2.6582719,2.6582719,3.063737,3.063737,9.364699,9.364699,9.2593385,7.0257462,7.9310679,8.412906,8.412906,6.8289894,6.8289894,3.4120437,4.0744192,0,1.4055089,1.4055089,6.6664705,6.6664705,12.9674325,12.9674325,12.862072,10.6284797,11.5338014,12.0156395,12.0156395,10.4317229,10.4317229,7.0147772,7.6771527,1.4055089,1.4055089,6.6664705,6.6664705,12.9674325,12.9674325,12.862072,10.6284797,11.5338014,12.0156395,12.0156395,10.4317229,10.4317229,7.0147772,7.6771527,0,5.7220089,5.7220089,12.0229709,12.0229709,11.9176103,9.6840181,10.5893398,11.0711779,11.0711779,9.4872613,9.4872613,6.0703156,6.7326911,5.7220089,5.7220089,12.0229709,12.0229709,11.9176103,9.6840181,10.5893398,11.0711779,11.0711779,9.4872613,9.4872613,6.0703156,6.7326911,0,11.1564584,11.1564584,11.0510979,8.8175057,9.7228274,10.2046655,10.2046655,8.6207489,8.6207489,5.2038032,5.8661787,11.1564584,11.1564584,11.0510979,8.8175057,9.7228274,10.2046655,10.2046655,8.6207489,8.6207489,5.2038032,5.8661787,0,0.1053605,2.3389527,6.2891275,6.7709656,6.7709656,7.2699568,7.2699568,8.7085075,9.370883,0.1053605,2.3389527,6.2891275,6.7709656,6.7709656,7.2699568,7.2699568,8.7085075,9.370883,2.2335922,6.183767,6.6656051,6.6656051,7.1645962,7.1645962,8.603147,9.2655225,3.9501748,4.4320129,4.4320129,4.931004,4.931004,6.3695548,7.0319303,0.4818381,0.4818381,5.8363257,5.8363257,7.2748765,7.937252,0,6.3181638,6.3181638,7.7567145,8.4190901,6.3181638,6.3181638,7.7567145,8.4190901,0,6.172798,6.8351735,6.172798,6.8351735,0.6623755
tree79,2.9167117,6.8400288,6.8400288,5.2838354,5.5715174,4.7235091,4.7235091,7.769322,7.769322,7.1451677,4.9856834,6.7286527,7.3040169,7.3040169,5.801068,5.801068,0.3148331,0,3.923317,3.923317,2.3671236,2.6548057,2.9274499,2.9274499,8.4233152,8.4233152,7.7991609,5.6396766,7.3826459,7.9580101,7.9580101,6.4550612,6.4550612,2.6018787,2.9167117,0,1.5561934,1.2685113,6.8507669,6.8507669,12.3466322,12.3466322,11.7224779,9.5629936,11.3059629,11.8813271,11.8813271,10.3783782,10.3783782,6.5251957,6.8400288,1.5561934,1.2685113,6.8507669,6.8507669,12.3466322,12.3466322,11.7224779,9.5629936,11.3059629,11.8813271,11.8813271,10.3783782,10.3783782,6.5251957,6.8400288,0.2876821,5.2945735,5.2945735,10.7904388,10.7904388,10.1662845,8.0068002,9.7497695,10.3251337,10.3251337,8.8221848,8.8221848,4.9690023,5.2838354,5.5822556,5.5822556,11.0781209,11.0781209,10.4539666,8.2944823,10.0374516,10.6128158,10.6128158,9.1098669,9.1098669,5.2566844,5.5715174,0,10.2301125,10.2301125,9.6059582,7.446474,9.1894433,9.7648074,9.7648074,8.2618585,8.2618585,4.408676,4.7235091,10.2301125,10.2301125,9.6059582,7.446474,9.1894433,9.7648074,9.7648074,8.2618585,8.2618585,4.408676,4.7235091,0,0.6241543,2.7836386,5.7749165,6.3502806,6.3502806,6.5734242,6.5734242,7.4544889,7.769322,0.6241543,2.7836386,5.7749165,6.3502806,6.3502806,6.5734242,6.5734242,7.4544889,7.769322,2.1594842,5.1507622,5.7261263,5.7261263,5.9492699,5.9492699,6.8303346,7.1451677,2.9912779,3.5666421,3.5666421,3.7897856,3.7897856,4.6708503,4.9856834,0.5753641,0.5753641,5.5327549,5.5327549,6.4138196,6.7286527,0,6.1081191,6.1081191,6.9891838,7.3040169,6.1081191,6.1081191,6.9891838,7.3040169,0,5.4862349,5.801068,5.4862349,5.801068,0.3148331
tree80,3.9835302,7.5670491,7.5670491,6.8132773,6.8132773,5.7752897,5.7752897,8.2357722,8.2357722,8.0658732,5.7632881,7.0385239,7.7316711,7.7316711,6.0546035,6.0546035,0.6623755,0,3.5835189,3.5835189,2.8297471,2.8297471,3.1780538,3.1780538,8.5491109,8.5491109,8.3792118,6.0766267,7.3518626,8.0450097,8.0450097,6.3679421,6.3679421,3.3211547,3.9835302,0,1.4434528,1.4434528,6.7615728,6.7615728,12.1326298,12.1326298,11.9627308,9.6601457,10.9353815,11.6285287,11.6285287,9.9514611,9.9514611,6.9046736,7.5670491,1.4434528,1.4434528,6.7615728,6.7615728,12.1326298,12.1326298,11.9627308,9.6601457,10.9353815,11.6285287,11.6285287,9.9514611,9.9514611,6.9046736,7.5670491,0,6.007801,6.007801,11.378858,11.378858,11.208959,8.9063739,10.1816097,10.8747569,10.8747569,9.1976893,9.1976893,6.1509018,6.8132773,6.007801,6.007801,11.378858,11.378858,11.208959,8.9063739,10.1816097,10.8747569,10.8747569,9.1976893,9.1976893,6.1509018,6.8132773,0,10.3408703,10.3408703,10.1709713,7.8683862,9.143622,9.8367692,9.8367692,8.1597016,8.1597016,5.1129141,5.7752897,10.3408703,10.3408703,10.1709713,7.8683862,9.143622,9.8367692,9.8367692,8.1597016,8.1597016,5.1129141,5.7752897,0,0.169899,2.4724841,6.1670616,6.8602088,6.8602088,7.0366652,7.0366652,7.5733967,8.2357722,0.169899,2.4724841,6.1670616,6.8602088,6.8602088,7.0366652,7.0366652,7.5733967,8.2357722,2.3025851,5.9971626,6.6903097,6.6903097,6.8667662,6.8667662,7.4034977,8.0658732,3.6945775,4.3877247,4.3877247,4.5641811,4.5641811,5.1009126,5.7632881,0.6931472,0.6931472,5.8394169,5.8394169,6.3761484,7.0385239,0,6.5325641,6.5325641,7.0692956,7.7316711,6.5325641,6.5325641,7.0692956,7.7316711,0,5.392228,6.0546035,5.392228,6.0546035,0.6623755
